ramdin,verma
sharat,chandran
birender,mandal
shiv,prakash
vikram,singh
khadak,singh
gurmit,singh
nahar,singh
ram,kumar
sunder,paal
maansingh,aswal
punit,khandelwal
gurmit,singh
md.,afsar
moti,lal
kausal,kumar
mohabbat,ali
raj,kumar
jaswant,singh
dharam,singh
ram,singh
preetam,kumar
ram,kumar
pankaj,kumar
sheak,shakir
riyasat,ali
vinit,katariya
kali,charan
badshya,khan
devinder,chadda
mohan,singh
yash,mittal
sumit,mitra
supriyal,sen
mukul,yadav
sanjay,charee
raja,babu
rajkumar,chawla
mohd,ataullah
neeraj,kumar
jamil,khan
rijul,aggarwal
mohd,shakib
rahul,kumar
md,mustafa
har,parsad
shelender,yadav
mohd,aakib
rahul,sharma
keshar,ansari
kuldeep,singh
lalit,rana
pulkit,sharma
kailash,kumar
bhagwati,prasad
dipendra,kumar
doodhnath,pandit
aslam,allam
jitender,kumar
rakesh,sarkar
akash,gupta
pintu,thakur
mohd,khairul
farmaan,khan
vansu,dev
vansu,dev
shyam,kumar
lalit,kathuriya
pooran,chand
aamir,hussain
shiv,kumar
som,dutt
bablu,regar
anubhav,shrivastab
harsh,dagar
anil,kumar
vijay,virmani
vivek,auhari
raghunandan,das
ajay,kumar
mohan,kumar
sandeep,meghawal
sandeep,kumar
kuldeep,singh
mohd,shahid
nanku,prasad
bhola,sarkar
ravindra,kumar
rohit,kumar
babalu,sen
rustam,shah
gopal,sharma
manish,garg
amit,kumar
amit,kumar
mohit,maan
dinesh,kumar
mohd.,mukhtaar
esrail,khan
suresh,kumar
pankaj,chand
ajay,narayan
nikhleshwar,bhagat
jai,singh
sunil,kumar
ram,kishan
pritam,singh
akash,gupta
mohd,kausar
harman,singh
vinod,lal
chander,shaker
ram,ji
mohammad,ali
raja,kumar
mahabir,prasad
shubham,yadav
pawan,kumar
pintu,kumar
rishi,kakdia
arman,ansari
sandeep,kumar
sujen,manjhi
aditya,som
raja,kumar
ravi,kumar
shankar,kumar
rohit,kumar
nandkishore,karpenter
lala,bhai
kishan,rai
mahender,kumar
mohd,afzal
khokan,sarkar
krisana,braman
yuvraj,kumar
satish,kumar
vivek,sharma
sahil,tigga
girishi,chand
pavan,sharma
naval,kishore
raman,ralhan
raman,ralhan
prem,chand
jang,bahadur
kamre,alam
md.,raju
ram,pyare
suraj,singh
vikas,gupta
vijay,singh
hari,ram
manoj,kumar
parash,das
bhanwar,lal
rahul,sharma
ramkaran,verma
mukhtyar,hussain
bilal,malik
radheshyam,sen
sunil,kumar
jitender,rajak
raju,singh
sobit,saini
inder,dutt
haseen,ahmed
gulam,rashul
rajiv,bagoriya
abhinav,chaudhary
mushir,ahmed
vibhuti,shyamal
neeraj,kandari
mukul,verma
jai,kishan
parveen,aggarwal
pramod,paswan
aaftaab,husan
sawan,gupta
munna,lal
najar,hussan
lavtar,singh
nanak,chand
harprasad,sahu
vikas,kumar
ashsish,kumar
rajesh,singh
jalil,ansari
deepak,verma
monu,kumar
shankar,kumar
narayan,gadri
lakshman,nath
sachin,kumar
harish,chand
puneet,jain
praful,naag
deepak,rana
lal,chand
kiran,pal
ranveer,singh
hukum,chand
akash,tomer
gajender,kumar
bhanwar,singh
amit,kumar
surender,sain
akshay,kumar
mohd.,amir
bhavesh,dass
guddu,rai
yogesh,rawat
rajesh,agarwal
parnav,kumar
neeraj,kumar
ajay,haldar
gaurav,sethi
sachin,kumar
parth,madan
raju,garg
samir,mishra
ram,dayal
jagdish,chand
pardeep,kumar
manoj,kumar
deepak,goyal
sunil,ladkani
indra,sain
arun,kumar
ashok,sharma
veer,singh
aman,dahiya
laxmi,narayan
vikram,dubey
ramjan,khan
alok,tiwari
vude,bhadur
chetanya,swaroop
henkhochon,haokip
gaurav,shankar
shsi,kant
md.,tavrej
brij,raj
aman,kumar
vijay,kumar
ram,niwas
nanhu,khan
raja,ram
jag,mohan
manoj,kumar
raj,kapoor
rajbir,ahlawat
mohd,faijan
mohd.,firoz
bhag,chand
chander,shekhar
raja,babu
pramjot,singh
abhinav,vashit
vivek,chabra
harish,chand
abdul,kadir
vikas,kumar
ram,ldaike
manoj,kumar
chhotu,harijan
om,prakash
manish,kumar
gautam,kumar
raj,kumar
rohit,kumar
pankaj,saini
manish,sehrawat
karunakar,dehra
rajeev,jha
mukesh,soni
ashok,kharkwal
raj,kumar
iswar,sharan
amrit,patel
rupesh,rathor
bhrat,narayn
ombir,singh
ombir,singh
rajesh,kumar
varun,chandela
ravi,singh
jitendra,singh
iarfan,mohammad
raj,kumar
gaurav,kumar
raghubir,singh
ayub,khan
ram,jatan
ankit,tiwari
anuj,tiwari
vipiv,malkania
dinesh,singh
sanjit,misra
charan,singh
chottu,shah
mantu,kumar
firakat,ali
ashshwer,parsad
akhil,kumar
inderjeet,mandal
arjun,singh
vishal,mishra
dalip,shah
mohd.,jafruddin
sohan,lal
vinod,kumar
dinesh,singh
ajay,kumar
tavinder,kumar
harishankar,verma
sri,kant
radheyshyam,saini
damanjeet,singh
bhushan,sahay
ramesh,kumar
malkeet,singh
uma,shankar
kamla,prasad
mohd.,iqbal
anoop,singh
dal,chand
harpal,singh
chandan,kumar
ritu,raj
abhishek,yadav
abhishek,yadav
manish,khandelwal
bir,singh
ram,niwas
mohd,sajim
rahul,sharma
neeraj,kishore
manjeet,kumar
vimal,kumar
abbas,mehndi
deepak,rathore
deepak,kamat
toquir,ali
shyam,sundra
sarthak,dadwal
kunal,kishore
nabav,shekh
kasim,ansari
nitin,parkash
subin,sugathan
mayur,agarwal
madan,lal
vinay,kumar
ghansyam,soni
ram,dutt
sanjeev,sharma
devender,singh
azad,ali
jorj,vargees
naresh,adhikari
pawan,singh
sugodh,kumar
munender,singh
krishan,kumar
saddam,hussain
jay,kumar
shyam,sunder
mangat,singh
aryan,prateek
rahul,chauhan
mohd,siwam
rajender,kumar
nand,kishor
rajeev,luka
sarad,raghuvansi
ram,prakash
liyakat,ali
pankaj,ratori
abdul,rehman
bittu,paswan
shashank,sharma
hare,chatiyan
abdul,rahman
khuma,ram
ravi,kumar
amit,kumar
sachin,kumar
ravi,shankar
shri,kant
om,parkash
raja,kumar
chetan,pandey
sunder,lal
aman,bhatt
ratikant,maghi
anil,kumar
raman,sharma
lalit,rastogi
sita,ram
dharmbir,singh
angreg,singh
sitaram,bairwa
karan,bajaj
jitendra,kumar
lalit,kumar
aslam,ali
suraj,kumar
murli,dhar
rehman,khan
gurdarshan,singh
krishan,gopal
pardeep,kumar
atul,kumar
shanwaz,anwar
jyoti,prakash
phirdos,alam
rajneesh,kumar
ayan,khan
rajesh,naydu
ajay,kumar
harsh,singhal
abhinav,vashishat
madan,jain
milap,chand
mohit,chauhan
santosh,pandey
sanny,kumar
jeeya,lal
arjun,yadav
arjun,yadav
sandeep,kumar
vijay,kumar
ramesh,malik
mohd,parvez
same,singh
ramkishan,gupta
tarun,sharma
satish,kumar
mannu,yadav
shakti,singh
haider,ali
haider,ali
sok.,mohmad
man,singh
uday,partap
rakesh,kumar
kanhaiya,lal
kripal,singh
nand,kishore
anil,kumar
sandeep,kumar
lalan,devi
ali,sher
sheru,khan
vanish,khan
ali,sher
smt,sunita
traun,kumar
lokesh,varma
sushil,kumar
suresh,kumar
shabuddin,shah
surender,singh
dheeraj,singh
rakesh,bhatia
ram,kishan
sanni,singh
surgayan,kanwar
suresh,kumar
sanjeev,panday
krishan,kishore
harish,chand
amit,kumar
shubham,chauhan
pankaj,baisla
shaukat,khan
uma,shankar
mo.,aasif
madan,lal
amit,kumar
ajeet,kumar
lok,nath
rattan,vail
rahul,sharma
sujeet,gupta
cheddi,lal
dheeraj,kumar
deepak,upadhayaya
sandeep,thakur
sahrukh,khan
kalu,luhar
ishwar,ram
suresh,kumar
lekhraj,pahuja
gaurav,raj
gaurav,sharam
rahul,parikh
swapanesh,gupta
shankar,lal
kumari,ritu
manjiv,singh
sunil,kumar
mukesh,kumar
aditya,kumar
vijay,pal
raju,rathor
sanjay,mandal
jitendera,singh
pankaj,tomar
mahender,lal
aman,kumar
abdul,salam
vishal,tiwari
arun,kumar
rahul,roy
gaurav,malik
inderjeet,kumar
bandu,khan
dharam,singh
shiv,kumar
dhrmveer,singh
aditya,kasana
sunil,singh
sachin,chauhan
sagar,pahwa
balbir,singh
ram,kumar
yogesh,shukla
mithlesh,sharma
mohak,kaul
yogesh,kumar
bishan,ram
farmaan,aamin
shiv,kumar
ganesh,singh
shiva,kumar
deepak,kumar
virender,bhatia
roshan,kumar
suraj,manda
nirmal,yadav
ram,kishan
ram,subhak
suraj,kumar
ravindra,kumar
viney,parkash
prem,pal
swami,nathan
rakesh,panday
sartaj,ali
jabir,hussain
shiv,singh
anandi,lal
mh.,yameen
prhalad,kumar
partik,munchal
sumit,rathi
yogesh,budhiraja
manoj,jain
salin,malhotra
shayam,sunder
vinod,tiwari
daya,ram
puspak,kandpal
shayamveer,singh
abdul,salam
balwant,singh
paul,nepal
anil,kumar
sonu,mishra
randhir,ram
aadil,sefi
jai,bhagwan
rajaram,nayak
shiv,kumar
smt.,pooja
vijay,kukreja
anuj,kumar
bablu,singh
gauri,visht
punarjyoti,lahiri
radha,raman
sameer,khen
sanjiv,pathak
raj,kumar
anil,kumar
vijay,ghimre
rahul,paswan
dinesh,garg
manish,maheshwari
satish,kumar
rohit,ahlawat
pawan,kumar
sachin,verma
daniel,gomes
ravi,kumar
zakir,hussain
agyapad,bhatya
deepak,maan
suwadhin,shriwastava
mohd,israr
neeraj,chauhan
shoab,jamal
teerath,singh
ankur,divedi
gautam,rehan
mohd,jahid
jasveer,singh
deepender,kumar
deep,chand
mohd,sarfraj
surender,kumar
amit,kumar
mohd.,shahdab
smt,pooja
tanveer,malik
ram,milan
arvind,kumar
sanjeev,gautam
jasbir,singh
ramesh,singh
amit,sharma
ankit,kumar
mho,najim
ridhakaran,sharma
babulal,yadav
jabbar,singh
shiv,kumar
mohd,ayub
ram,chander
indu,shekh
sunil,kumar
sheikhsai,ful
neeraj,kumar
ram,babu
rada,sharn
ranjeet,singh
raghunandan,pawar
jitendra,singh
anil,sharma
surjeet,singh
vijay,kumar
suraj,paswan
mohit,chouhan
mohit,chouhan
lal,singh
tushar,bhaskar
md.,samim
mohd,ushama
pushkar,koshik
narender,singh
pawan,kumar
arun,yadav
vijay,kuma
sonu,saksena
kundan,raj
anand,singh
rajesh,metho
banarsi,das
utkarsh,jha
noor,hasan
bablu,khan
mukesh,agarwal
tahir,mohmaddi
sarvan,kumar
rahul,sharma
vijay,bansal
ram,suresh
ashutosh,seth
ashutosh,seth
barkat,tulla
suresh,kumar
rakesh,singh
rajendar,singh
bobi,khan
ajay,gupta
mohd,farman
arun,joshi
ajeet,kumar
pardeep,mohauti
vinod,kumar
ansu,kumar
kunal,mayank
saroj,devi
birij,kisor
dinesh,sharma
love,manjhi
rajeev,sharma
jai,prakash
leo,paul
farid,khan
md,ramjani
rahish,ahmad
mukesh,aarya
amit,kumar
vijay,kumar
birender,sharma
vijay,sharma
amarjeet,singh
aryan,shrma
mohd,salman
shiv,kumar
radhey,shyam
mahesh,pal
suresh,kumar
dheeraj,meena
unkar,meena
girish,chandra
pankaj,dhiman
ramesh,upreti
sudhir,mandal
bhupesh,sharma
munesh,sharma
mohd,jahid
gopi,singh
chander,prakash
shayam,lal
bangali,babu
ranjeet,singh
om,prakash
manish,goyal
nanhe,khan
hazrat,ali
kushal,sharma
amit,kumar
amit,kumar
bijendra,kumar
bhagwan,dass
chran,singh
rashid,hussain
deepak,kumar
shivam,jain
inder,kumar
jahagir,khan
ravindera,tiwari
sabbir,alam
shahid,alam
deva,ram
santosh,kumar
satpal,singh
sant,mishra
gaurav,chhabra
manpreet,singh
harak,khatri
rahul,jain
pankaj,kumar
anil,kumar
manoj,kumar
jiya,lal
raghubir,singh
moh.,aazad
satish,kumar
yasar,ali
om,parkash
roshan,lal
jeeshan,khan
ved,prakash
deepak,kapoor
mohd.,sultan
banwari,lal
vidit,kumar
giri,raj
nawab,hussain
satish,kumar
suresh,kumar
shekh,malik
shah,mohd
ishan,khan
vinod,kumar
lal,babu
deep,chand
anil,kumar
shailesh,tiwari
tunni,lal
chander,sekher
jyoti,swroop
rajesh,mehta
bal,kirshan
shyam,sunder
chitrangan,dass
deep,chand
chatar,pal
suraj,bhan
aditya,sharma
raju,kumar
nand,kishore
harish,ahuja
bram,parkash
ashok,kumar
prabhjeet,singh
ghanshyam,giri
somnath,joshi
mohd.,shokat
gourav,kumar
manoj,sethi
hosiyarilal,saini
tapan,kumar
rafiq,ahmed
begraj,singh
dhanna,lal
amrish,seni
banwari,lal
ghan,sayam
kabul,singh
lal,jee
hari,om
bablu,ram
akhtar,ali
gulshan,kumar
lawrence,s
vivek,adak
mohd,gaffar
naveen,bansal
akram,rijwi
vipin,kashyap
daler,singh
abhishek,kumar
hukum,chand
pawan,kumar
ravikant,mahawar
devender,singh
kishan,lal
mohit,sharma
ravi,pruthi
md,aslam
uday,singh
ram,naresh
keshave,mahta
ravi,gupta
rohan,haldar
sachin,pal
manoj,kumar
shamim,ansari
ramesh,chand
shanbhu,lal
babu,lal
akhilesh,kumar
munesh,bhati
ramesh,chander
manoj,kumar
harjeet,singh
indal,paswan
vivekanand,gupta
sumit,chugh
trilochan,kakkar
ramchander,singh
munajir,alam
rahul,kumar
arif,akram
vikramjeet,sharma
suraj,bhatia
vishal,kapoor
lakshit,pandey
aman,puri
sonu,kumar
baldev,raj
anish,khan
tirlok,joshi
viram,singh
lalit,arya
mhoomad,sakir
dinesh,singh
madhan,singh
mohd.,manudeen
kuldeep,singh
mansur,malik
mohd.,imran
nand,lal
manender,pratap
kanhiya,sukla
arvind,mali
manak,chand
gopal,singh
jagjiwan,ram
dhramender,singh
mho.,alpej
chandan,tivari
mohd,nihal
bhushan,kumar
dinesh,kumar
gulshan,kumar
om,prakash
shahrukh,khan
ramesh,kumar
sahid,hussain
naeem,khan
not,available
azad,singh
manish,kumar
narayan,dutt
mukesh,jat
ram,kishan
banty,babu
rakesh,kumar
bal,kishan
sabir,hussain
muslim,shekh
gopal,singh
jagat,singh
anuj,sharma
anil,kumar
kanta,prasad
aashik,ajiz
vikram,singh
roop,singh
shree,ram
puran,singh
ravindra,singh
ravindra,singh
karan,singh
kunal,kumar
amit,kumar
ragwender,sharma
md,sahid
ram,darshan
surat,singh
md.,arfan
gurvinder,singh
vinay,kumar
dilshad,saifi
jai,singh
pawan,malhotra
veepinchand,midas
jai,singh
sanjay,rana
raj,kumar
vijay,kukreja
pawan,gupta
bhagwan,dass
rajeev,dutt
bachu,kak
kundan,kr
puran,chand
samser,khan
avadh,bihari
talib,kha
mahindra,kumar
chander,mohan
arun,yadav
mohd,sahil
mohmmd,shahid
mayur,bhatia
vinod,kumar
deepak,sharma
hasan,shekh
suryanath,pal
tarun,kuamr
ashwani,saluja
nittin,rana
umesh,yadav
om,parkash
sanjay,kumar
sat,pal
sehzada,iqwal
rahul,sisodiya
ashutosh,sharma
shiv,kant
gurmeet,singh
raja,ravidas
amuchla,barman
moh.,harun
rajesh,mishra
chhedilal,chaursiya
pradeep,kumar
ram,niwas
dinesh,pareek
sahab,ram
udaiy,kumar
ram,avtar
amrit,singh
shyam,sharma
ajay,singh
vijay,kapoor
satya,parkash
iqbal,hussain
rajender,kumar
sher,hasan
jawhar,lal
amit,kumar
tulshi,ram
parveen,kumar
deen,mohammad
amit,pande
amreek,singh
naresh,kumar
manjeet,singh
bhupender,kumar
druga,lal
istyara,ali
ramesh,megwal
ghanshyam,balmiki
ram,siroman
vijay,bansal
satish,chawla
naresh,paswan
manish,lamba
naeem,khan
sanjay,tyagi
dev,chopra
aashis,kumar
mohd,umar
ravi,kumar
amart,mewada
sidhrath,kumar
jat,ram
md.,imtyaj
chander,mehto
anil,kumar
netram,yadav
shyam,lal
mahender,kumar
nazir,ali
sudhir,gupta
akram,hussain
akram,hussain
trilok,agrawal
shyam,kumar
prafhool,pandey
rajiv,kumar
mohd,jaid
shish,pal
kesha,sharma
rajeev,kumal
lucki,anand
rahul,bhaskar
mohd.,samsuddin
neeraj,bhatt
dinesh,chauhan
mohan,ram
mukesh,goyal
paramjeet,singh
khalid,ali
gaurav,sukla
anil,kumar
bharat,singh
bhabhav,uniyal
ved,raj
mohd,suhail
rocky,mehto
farku,pujar
mahender,chaudhary
md,irfhan
sanjay,saini
amit,kumar
hukam,chand
jai,prakash
dhruv,kumar
trilok,chand
dirgaj,singh
magat,ram
aanad,sharma
charanjeet,singh
anil,sharma
aaditya,yadav
mohd,raja
zeshan,akhtar
krishan,gopal
ram,dass
arjun,giri
pinki,gupta
goutam,bhora
ashok,kumar
giri,raj
jai,parkash
satish,kumar
vipin,pandey
sumit,singh
sai,das
prem,shaksana
jagdish,kalra
raju,kuswha
nanak,chand
pankaj,gupta
suresh,kumar
arun,kumar
jiya,lal
munna,sanover
devi,ram
vipul,sharma
abhiraj,yadav
irsad,khan
pramod,mehto
mohd,shakeeb
basant,joshi
parveen,kumar
kailesh,chand
kirti,thakur
gulab,singh
ruplal,kumwat
ravi,choudhary
pardeep,kumar
sunder,singh
patric,meter
md.gulsher,alvi
devinder,pal
balram,gupta
sohan,lal
anuj,gupta
mohd,nawab
rakshit,ghai
mohd.,danish
deepak,garg
rahul,mishra
shambu,gujar
bahart,singh
mahesh,kumar
dipu,sharma
devasish,chakarwarti
gourav,batra
mahender,singh
sachin,kumar
charnjeet,singh
pankaj,kumar
vicky,verma
budhan,paswan
ishwar,singh
bhagat,singh
nirmal,adhikari
raj,kumar
gobind,hazra
manoj,kumar
mohamad,sajid
manish,kumar
kundan,chohan
narayan,singh
sunny,koli
nitesh,kumar
vikky,miglani
md,sokat
mohd,noman
sunil,kumar
brij,mohan
bhram,singh
chander,pal
mahesh,meena
om,parkash
santosh,singh
dinesh,jain
khalil,maziz
mohd.,irfan
mantu,kumar
sanjay,mashi
manoj,bansal
sanjeev,kumar
bhagat,ram
pawan,singh
ram,saveroop
dwarika,lal
kuldeep,singh
jai,kumar
mohd,nadeem
mohd,asif
pardeep,kumar
krishan,kumar
hansraj,meena
jamil,ahmed
arun,kumar
salesh,girsa
shulal,gujar
rajkumar,bhil
rakesh,gupta
surender,kumar
kapil,sahani
sidarth,sharma
vicky,khan
amit,kumar
satyanarayan,soni
satyanarayan,soni
gulam,sakhar
mohd.,ali
mohd.,shakir
ram,kishan
bahrat,panday
ebane,ali
satnam,singh
rishab,uniyal
pavan,kumar
repu,marwaha
goverdhan,dass
sanjay,bhandari
ashok,goswami
ravi,kumar
md.,danish
gordhan,das
joginder,mandal
vijay,kumar
ravi,meena
siddarth,chetri
sant,lal
jagbir,singh
guruvachan,singh
gaurav@,vishal
arun,mishra
imran,khan
puran,mal
jyoti,ram
deepak,dhanpal
devi,deen
satyam,jha
bhavuk,goel
nand,kishor
ajay,kumar
nand,kishor
manoj,joshi
parmod,kumar
parsanjeet,sarkar
raghubeer,singh
mithu,lal
manoj,gupta
golu@,bablu
vikash,kasana
manoj,kumar
sunil,kannujiya
karan,singh
kali,charan
durgesh,pandey
shubham,giri
bechan,pal
mohd.,lookman
khurshid,sidhiki
bhanu,yadav
pramod,mahashay
preet,kumar
omprakash,sharma
wali,hadar
rahul,verma
vikram,jha
omprakash,sharma
ramdhin,gujair
kapil,bhatia
manoj,kumar
sarvash,prashad
vikas,kumar
sanoj,kumar
kanwar,pal
narender,singh
aman,kumar
adesh,kumar
anuj,kumar
vipul,gupta
shyam,sunder
akash,malik
ajay,kumar
akash,malik
sidh,lal
rahul,rawat
manak,rebari
anurudh,choudhary
rajbir,singh
balbir,singh
pankaj,rawal
charan,singh
mohd.,firdoesh
narayan,rawat
sunny,rathor
abdul,khalil
chandan,kumar
bittan,mandal
praveen,kumar
prem,kumar
naveen,seithi
phool,chand
kishore,kumar
ankit,paswan
sudan,ji
sat,prakash
amrit,kujur
manish,kapoor
sapan,kumar
abdul,salam
veerpal,singh
naveen,kumar
urendra,gupta
haider,ali
sanjeev,kumar
sundeep,kumar
munkad,ali
rupendra,ubas
lalan,singh
sohan,lal
ajeet,singh
sanjay,jain
neki,ram
omkar,singh
satish,chander
pradeep,kumar
anand,kumar
mohd.,aajam
suresh,kumar
pardeep,kumar
shiv,singh
madan,lal
rahul,shah
naveen,kumar
mahesh,kumar
rajat,ragahv
nand,kishore
satvir,singh
aditya,pathak
ajay,sharma
rajesh,garg
nikhil,tyagi
tara,parshad
atitaj,singh
amin,kumar
anil,kumar
vikash,kumar
naveen,rawat
ayush,negi
madan,pal
dheerendra,tiwari
kishan,kumar
rana,gandhi
bhag,chand
santosh,singh
amar,kumar
jagdeep,singh
rajesh,kumar
aakar,talwar
vinod,kumar
vishnu,sharma
rohtash,singh
kheem,singh
mahammd,sarfroj
laxman,rao
banwari,lal
ganga,sagar
jaiparkash,agawal
permeshwar,parsad
buddhi,singh
sandeep,kumar
satender,dass
vipin,shahu
minder,kumar
chitranjan,kumar
ashok,kumar
shayam,sunder
ram,kishan
praveen,jain
suchit,jain
sandeep,saini
dev,chopra
naim,malik
indernath,bhagat
hira,lal
rakesh,kumar
sunil,kumar
dharam,singh
kamal,singh
aman,arora
vaibav,gupta
kalyan,singh
aman,kumar
sankar,gupta
yogender,prakash
dheeraj,nagouri
prashant,kumar
sahil,kumar
chander,shakher
javed,abbas
radhe,shyam
chanchal,kumar
sachin,kumar
harvansh,shrama
yadho,lal
laxman,singh
partap,singh
harish,rahman
manver,singh
mohd,ashikeen
rajnesh,gupta
arun,dabas
arun,kol
mohd.,fahad
prem,singh
sakal,rai
uday,lal
papuu,luhar
bhudhi,lal
banshi,lal
ratul,viswas
anil,kumar
arun,kumar
harish,chand
ramlakhan,yadav
mahbir,parsad
aakib,javed
hanuman,das
prakash,soni
anuj,kumar
jagdish,chandra
shiv,kumar
amlesh,saha
parshotam,ram
sumit,raghav
chhitar,mal
ramesh,chand
sumit,raghav
rajat,dahiya
nitin,kumar
sushil,kumar
atul,kumar
bharat,kumar
sandeep,goyal
krishna,bhatt
vinay,bhattia
santosh,kuumar
amit,kumar
raju,singh
sanjay,kumar
lakhami,singh
ramu,dubey
ajay,kumar
pawan,kumar
arun,kumar
hira,lal
ram,ratan
sunil,singh
ramdev,jha
lalital,mohan
harender,kumar
hemant,sharma
sudershan,gopal
abhishek,bajwan
deepak,kumar
shakhtnsana,singh
yaqub,ali
nirmal,kumar
pramod,kumar
sarif,mohammed
nitin,sharma
manoj,kumar
mohit,bedi
noor,aalam
hukam,singh
bhudev,presad
ashish,kumar
vipin,kumar
sher,singh
kailash,singh
ganga,ram
victor,singlai
sandeep,dubey
dinesh,chand
vikash,malik
rajender,kumar
sunil,singh
manoj,kumar
amir,khan
dinesh,kumar
vikash,malik
kiran,kumari
mohd,mustkeen
raj,kumar
ram,parvesh
ajay,panday
himanshu,gautam
abdul,miya
ramjeet,thaukar
upendra,kumar
yashpal,singh
raj,kumar
razi,ahmad
lakhvinder,singh
jhalla,re
pramatma,pandey
abhishek,sharma
mata,parsad
jai,dahiya
ajay,varma
haji,mohmmad
lalit,kumar
rijwan,aalam
raj,a
naresh,chauhan
ravinder,kumar
gurmeet,sharma
rajkumar,jain
mohd.,ahmad
manoj,upadhay
lakshman,sah
aijay,jaiswal
ashok,kumar
laxman,shah
mukesh,chaudhary
adalat,mahto
roshan,lal
amarjeet,singh
kapil,kumar
sunil,kumar
devender,sharma
amit,kumer
sanjay,manchanda
raghuveer,singh
rohit,kumar
manish,kumar
ravinder,singh
prahlad,prasad
tharu,singh
aasif,khan
md.,gaffar
ram,avtar
abdul,rehman
mehboob,alam
ajay,kumar
ravi,shankar
dharam,bir
aditya,vikram
parveen,kumar
rahul,tyagi
avtar,singh
md,javed
ashok,thru
gaffar,sardar
roshan,kumar
najre,alam
ravi,nayak
rajesh,kumar
anil,narula
sunil,kumar
sunder,yadav
braj,kumar
sonu,gupta
anuj,kumar
hardeep,gauttam
mohd.,sameer
ram,khiladi
jairam,mandal
hemant,raghav
preetam,singh
umashankar,khanduri
monu,kumar
ashik,pathak
laxmi,chand
bashudev,sharma
santosh,kumar
santosh,kumar
jitender,rai
anshuman,jha
nanak,chand
abdul,rasid
raja,kumar
nand,lal
atul,rathor
pawan,kumar
manoj,kumar
sh,satpal
manosh,yadav
sukhvinder,singh
raja,ram
nabal,ahamd
pawan,kumar
ganesh,pandey
vakesh,sulemani
devendra,soni
shobha,ram
sumit,chugh
raj,kumar
attar,singh
satender,kumar
sanjay,malik
sumit,chugh
bacchu,paswan
ramnihor,nishad
monu,agrawal
monu,agrwal
emran,kha
virender,singh
ajay,sharma
mohd,uved
sant,ram
upender,khandelwal
dibakar,rout
mohd,salmaan
rameswar,gadri
arun,kumar
vishnu,kumar
rajeev,verma
sanjeev,bansal
rampal,jain
nand,kishor
numesh,kumar
aashish,kumar
manjeet,singh
arun,kumar
ayub,khan
abhishek,tripathi
nitin,jain
shashi,bhushan
arun,verma
mager,sahu
krishana,kumar
ravi,kumar
jai,kumar
manoj,kumar
subhash,rampal
siya,ram
pankaj,kumar
chanda,ram
manjeet,singh
mahaveer,mali
himanshu,praser
pratul,chatarjee
arindom,gupta
keshav,dutt
modh.,mustafa
shree,nanak
manish,kumar
sanwar,lal
krishan,kumar
raj,kumar
ravinder,singh
mohd,rashid
mohd,arsad
kamal,sharma
chandan,adhikari
manoj,kumar
abhinav,jhori
pratap,singh
sunil,agarwal
parshant,sharma
mahender,kumar
sardhu,sharma
rahul,kumar
mohit,miglani
shree,ram
upender,mehto
amrit,singh
durgalal,khateek
lalit,gulati
nitesh,kumar
jagat,singh
mustikeem,khan
mahak,singh
sachin,jain
sumit,kumar
sukjveer,singh
ishwar,singh
vinit,tyagi
sukh,dev
alok,jha
chand,mohammad
baljeet,singh
rinku,pal
man,singh
md,imtiyaz
sanjay,jain
rohit,verma
pabu,dan
laxman,pandit
bhanwar,singh
nanak,singh
sumit,agarwal
abdul,hassan
saurab,gupta
shashank,yadav
vishnu,bhagwan
raj,kumar
dipak,joshi
rajendra,podhar
rahul,jain
radhey,shyam
makhan,singh
aatir,saifi
ramu,yadav
ganesh,singh
jameer,turi
mohit,kumar
chander,pal
sanjay,kumar
manish,kumar
ankit,kumar
ram,parsad
shiv,mohan
chand,mohhamad
vishnu,kumawat
munender,bahuguna
munender,bahuguna
sunil,kumar
chander,mani
deepak,kumar
sawan,kumar
kartik,pawar
rajender,kumar
mukund,upadhyay
prem,singh
omjone,ibanuil
ravinder,singh
sachin,sharma
amit,yadav
karan,kumar
rahul,sharma
rahul,sharma
rahul,sharma
mohd,faraz
ganesh,kumar
mohd,useel
yashpal,singh
ibraham,ali
dushyant,kumar
latur,lal
rupak,singh
firoz,khan
nikhil,dhariwal
pradeep,shah
shivam,saini
ram,bahadur
manshi,shing
deepak,kumar
ish,sethi
suja,ram
rohit,kumar
rakesh,arora
kapil,sharma
harish,tanwar
raj,bahadur
niraj,sahu
bhoop,singh
annu,sharma
ankit@,vikash
shatish,kumar
teerath,ram
mohan,lal
tilak,raj
sotaj,singh
sambhu,paswan
rakesh,tabiyaad
vijay,rajpoot
ashok,kumar
kapil,dev
abdul,hakim
nipun,atnari
munna,lal
chunni,kumar
amarjeet,kumar
sonu,mehra
sunder,singh
sunder,singh
dhamender,sharma
mahender,singh
saleem,qureshi
sonu,berwa
sachin,rajput
digvijay,singh
santosh,kumar
satish,kumar
suneel,chauhan
suneel,chauhan
manish,garg
udmai,ram
mohd,yunus
gorv,sharma
jot,singh
ankit,jaiswal
forshan,anl
ram,jivan
abhishek,mishra
mohd,waseem
sheikh,sadam
yaman,singh
virat,bahadur
amit,bansal
misri,lal
bhagirath,sharma
bhagirath,sharma
virender,pal
tek,chand
vinod,kumar
durga,parshad
shafi,mohd
brij,raj
bachhu,singh
bhura,singh
laxman,rai
md.,ali
mohd,afzal
priyansu,jain
manvir,singh
mohd,arif
rajender,kumar
varun,gupta
ajay,kumar
sansaar,singh
deepak,kumar
dhan,bhahadur
aejaz,khan
abdul,vahid
roshan,lal
ashok,yadav
sunil,burman
ram,bahadur
bhaddal,singh
sukhveer,singh
himmat,ram
faiz,ahmad
rampher,pathak
mohd.,arafaat
nanhe,lal
karan,singh
raju,jha
jaspal,singh
mohd,faiz
ravi,kumar
banty,gupta
bachheshwar,paswan
vinod,kumar
faiz,ahmad
harsh,verma
vikramjeet,kundu
aamod,singh
jankraj,sharma
lal,metho
budh,rai
ankit,kumar
deepak,sharma
ramsingh,rahond
mehib,alam
ahmed,hasan
kishan,lal
alijan,mansuri
awdhesh,pokharana
schin,arora
abdul,rasheed
gurpreet,singh
kanhiya,thakur
ranjan,rawat
ravi,kant
ravi,kant
deepak,kumar
radhey,shyam
anil,singh
suraj,kumar
anil,singh
mohan,singh
jitendra,yadav
ravinder,prakash
md.,ibrahim
vijay,pal
harender,kumar
anand,kumar
dwarka,parsad
chandi,prsad
mohm.,gulbhar
abdul,arbaz
brijesh,kumar
nitin,mohan
kuldeep,kour
krishan,lal
mukesh,kumar
pawan,dhyani
navneet,giri
pradeep,saini
atish,raj
ravi,kumar
mintu,mulla
amit,kumar
aashish,kumar
subhash,mulla
amit,kumar
shyam,lal
moti,lal
kuldeep,gupta
khalid,khan
vijay,pal
amit,kumar
md,naseem
md,naseem
sonu,kumar
job,pulikotin
ankit,kumar
dharmender,singh
grish,chandra
vicky,malhotra
kewal,singh
nishith,bhattacharya
pandu,rang
shiv,kumar
gopal,singh
dhanna,lal
kanwar,saini
harbinder,singh
md,savir
modh,israil
vijay,saini
sabbar@,pappu
ram,lakhan
jai,pal
manoj,saini
pardeep,kumar
rahul,kumar
naresh,kumar
sher,singh
ashok,kumar
hari,prasad
saif,ali
mohd,sayyub
deepak,kumar
lokesh,kumar
vimlesh,kumar
vinay,kumar
vishal,verma
anmol,shukla
moh.,aalam
subhash,chand
umesh,yadav
surendra,singh
raghubir,singh
jogender,kumar
papa,rao
raju,singh
vedanand,mishra
deepak,kumar
shahjad,khan
pankaj,kumar
ishwer,das
suman,kumar
liveri,santam
robin,master
anil,kumar
shyam,bodha
abdul,jabhar
arvind,kiran
nar,singh
dinesh,singh
kapil,kumar
naseem,khan
saif,ali
rajender,kumar
gulshan,kumar
sitaram,pal
nitin@,babu
aman,kumar
prem,chand
ramniwas,jat
prashant,mishra
ravi,lohni
abdul,jhabbar
sunil,kumar
gulshan,kumar
mehphal,singh
hemant,kumar
vijay,kumar
ashish,semwal
sonu,kumar
sunil,kumar
sunil,kumar
monu,gambhir
subato,mukherjee
sunil,kumar
ram,kishor
sundar,singh
birajpal,singh
manish,kandlr
kanhaiya,lal
abhishek,singh
harpal,singh
ram,sunder
ram,ashre
heeralal,sahu
ram,singh
ashwani,kumar
vidyadatt,josi
manish,sharma
manjar,alam
alok,yadav
ravi,kumar
mamu,ram
sunil,singh
sita,saran
om,prakash
khangara,ram
ashish,kumar
ashok,kumar
ajay,kumar
nasir,husain
manoj,kumar
rubal,khurana
lakhmi,chand
narsingh,pal
anil,kumar
kanwar,sain
ram,lal
lakhmi,chand
vijay,kumar
tarun,suyal
surinder,kumar
kishan,lal
ranju,sharma
mohd,saddam
afjal,ali
ravi,ram
sunil,kumar
mhendar,singh
nasiar,khan
mukesh,kumar
nitin,sharma
umesh,patidar
mahesh,jatav
keshav,kumar
sultan,singh
dheeraj,joshi
sh,ramnarayan
vikram,singh
sehbaj,khan
ashok,kumar
manish,kumar
soni,prasad
ghasiram,koli
jitendra,kumar
varun,gupta
mangal,singh
rakesh,tyagi
krishan,dass
dhurve,singh
anand,singh
sandeep,kumar
aashish,kumar
munshi,lal
shiva,singhal
sonu,kumar
sanjai,sharma
vikash,atwal
raud,ali
dharm,singh
sunil,gupta
yash,garg
ashok,kumar
harpreet,yadav
dhurender,singh
gulab,singh
rattan,kumar
dhisa,ram
mohit,agnihothri
deepak,yadav
chetan,porwal
laxman,rai
yogesh,kumar
manish,sasodiya
raj,kishore
taushif,raza
ankur,sharma
pradeep,kumar
biru,ram
dhiraj,singh
bhola,yadav
anand,chauhan
rajender,prasad
mujibu,rehman
gyan,prakash
rakesh,kumar
mohd.,arif
mahendra,kumar
parmod,kumar
sushil,kumar
mukul,tiwari
satish,chandra
rakesh,kumar
dhanraj,sharma
mehandi,hasan
deepak,ahalawat
chander,pal
thakur,das
sunil,kumar
rakesh,kumar
kuldeep,kukreti
manoj,kumar
sahab,singh
parsuram,prasad
garib,das
bhupen,dawara
nikhil,yadav
vishal,rastogi
shankar,malhotra
sunil,kumar
rahul,dubey
ravinder,mandal
manmath,nayak
sanjay,sharma
md,aalam
varun,bansal
aman,mandal
mohit,chaudhary
brijpal,pal
rajat,kuamr
sidhant,tomar
pankaj,malik
anil,kumar
om,parkash
fhaishal,amahad
krishan,kumar
anand,kumar
manoj,kumar
naveen,joshi
partap,singh
pawan,kumar
dakshina,murthi
rajendra,pal
naveen,kumar
ravi,kumar
pitar,topo
kishan,sharma
surender,kumar
parveen,suyal
mukesh,kumar
phool,chand
ravi,swarnkar
beragi,singh
kishor,negi
ajay,kumar
mubashir,ali
heera,lal
mohd.,salim
narender,singh
deepu,kumar
moshin,raza
vipin,kumar
mohamad,awar
kaluram,saini
pawan,kumar
satan,choudhary
raju,singh
prmod,paswan
sajid,ali
mustak,ahmed
kunj,bihari
tushar,bansal
mukesh,kumar
lakh,ram
sukhbeer,singh
dinesh,kumar
kiran,kumar
rishabh,kumar
sukhavinder,singh
jai,bhagwan
suresh,chand
heera,lal
jai,kumar
selva,raj
amar,nath
majid,ansari
sugai,vishwas
taufik,alam
om,prakash
munder,lal
bhura,khan
akash,lal
mandu,ram
sarabjeet,singh
lakshya,sharma
sunil,kumar
rajesh,kumar
sanjay,handda
aaenab,sheikh
vikash,mirdha
nitin,gupta
mohad,islam
ram,lal
lehru,lal
newal,kishor
pawan,jangir
rati,pal
atul,jalan
anil,kumar
mnoj,sethi
sunil,garg
ashish,yadav
aaftab,aslam
ameer,divan
jawed,ahmad
gopiram,atal
vikash,pandy
ramesh,babu
naresh,semwal
joholal,soren
akansh,anand
sonu,kumar
kishan,yadav
raj,karan
sukhdev,singh
sudhir,kumar
shiv,charan
sukhbir,singh
sonu,pandey
pawan,kumar
shyam,kishn
ravi,kumar
mohd.,aslam
charan,singh
rahul,sharma
prem,kumar
sukar,yadav
mohd,zaid
prince,verma
ujir,khan
akash,gupta
neeraj,singh
ram,bhajan
raju,gupta
mandeep,kumar
prakesh,gupta
ashok,kumar
mool,chand
harender,singh
vinod,kumar
momin,kureshi
rakesh,sharma
ramkumari,devi
rajat,kumar
md,aariv
bhauk,tyagi
manish,kumar
shyam,sunder
ramesh,ram
shashi,pandit
pankaj,kumar
rai,singh
suraj,kumar
kishan,kumar
arif,hussain
vijay,singhal
rahul,sharma
vijay,kumar
ashok,pal
vikas,kumar
manoj,kumar
raj,kumar
kundan,singh
ashish,kumar
sumender,pradhan
rameshwar,kumar
sunil,chauhan
rahul,sharma
shadab,ali
ashok,pandey
abdul,hamid
suraj,hajara
chander,shekar
babul,al
vikash,arora
harbhajan,singh
mohd,zaki
balbir,singh
sadod,ali
ram,charan
kirpa,sankar
hukma,ram
nrotam,dat
surindera,rajpal
navnit,garg
sunil,chopra
sonu,kumar
sukhdev,prasad
vishal,chaudhary
lokesh,kumar
rajesh,gupta
naresh,kumar
aakash,kumar
vijay,kumar
pransis,kallu
bacche,singh
govind,patel
ram,dayal
pankaj,jina
rahul,kumar
yogesh,chahar
dildar,khan
pankaj,chaudhary
balraj,singh
kuldeep,singh
neeraj,sahgal
lal,chand
hawa,singh
mukesh,bluni
rakesh,kumar
ankur,baliyan
deepak,sharma
rohit,kumar
rajnish,dev
anjani,kumar
sanchit,mittal
abdul,rahuf
sachin,singh
ranjit,singh
rahul,jain
sumer,malik
kishor,rai
pankaj,mishra
rajiv,goyal
chintan,saini
dinesh,tyagi
mohd,suleman
neeraj,kumar
sagir,ahmad
harish,sharma
said,mohmad
shivam,avwsthi
sant,ram
narender,saini
naresh,kumar
pappe,das
ashad,madik
mohd.,gulzar
stephen,topo
mukesh,kumar
bada,ahari
vikram,singh
megharaj,kirad
ravinder,kumar
dinesh,kumar
trilok,chand
bhala,ram
kamal,kishor
shashi,bhusan
suresh,kumar
ravindra,singh
naresh,kumar
arvind,kiran
shivam,arora
tanvir,ahmad
nishant@,chintu
ram,dulare
jawahar,singh
shankar,lal
jaswant,singh
suresh,kumar
harun,rasheed
manoj,singh
sandeep,kapoor
prem,ballabh
raja,rawat
ashish,kumar
mithun,kumar
rahul,yadav
parmod,tiwari
parveen,kumar
heera,singh
deepak,ram
ashok,kumar
rakesh,jatav
umar,farooq
fakerey,alam
jagdish,prasad
mohd.,nafish
ranjeet,singh
toshar,bhatiya
arun,kaushik
bhim,singh
meer,hashan
manav,shankar
raj,kumar
arun,kumar
anwar,hussain
sumit,chugh
dipak,garg
ajay,kumar
amina,singh
bahadur,singh
mohit,kumar
layman,paswan
anil,kumar
sharwan,singh
nitin,kumar
kishore,yadav
m,ithilesh
prince,shonak
ajay,manjhi
mohd.,arbaz
tofik,ahmed
mohd.,kalam
karan,singh
sandeep,singh
mahendra,salani
biraj,pal
mukesh,singh
rahmat,ali
sunil,kumar
rahmat,ali
bharat,dendor
sanjay,khemchandani
rakesh,khatik
rakesh,kumar
devender,singh
shivam,koushik
aman,sharma
vijay,kumar
km,arti
shobhit,prsad
nitin,kumar
bharat,singh
gordhan,gujar
moh.,raees
amit,abrol
kunal,sharma
neeraj,kumar
kulbir,singh
vinay,kasyap
siddarth,chakrwarti
anuj,kaushik
vinay,kumar
sachin,gayakwad
ram,parsad
kawa,lal
rajesh,kumar
mohd.,ilyaash
raju,kumar
sukhbeer,singh
shobhit,kumar
ramu,yadav
sunil,kumar
harkesh,kumar
anand,goswami
chander,perkash
bhagwan,singh
nand,lal
balram,singh
aasif,ali
raja,ram
aman,saroj
ram,ji
partyush,gupta
kapil,jakhad
mohd.,irfan
keshav,raj
kapil,jhakhar
nakul,gehlot
ashok,kumar
shiv,kumar
deva,ram
jitender,sehrawat
arunkumar,toshniwal
sandeep,kumar
paramjeet,kour
rajneesh,bairwa
satish,kumar
suraj,bhan
kumar,anand
abishak,soni
dinesh,mongia
prasant,kumar
anuj,kumar
oli,ahmad
sonu,goyal
sandeep,rawat
ram,kishore
tarun,vadhuva
rajveer,singh
mohd,ahshan
md.,sufiyan
rolly,kumar
makan,singh
baijnath,thakur
`bishan,bangari
faizur,rehman
amit,kumar
kayum,ali
hemant,pal
dinesh,kumar
narayan,lal
ajeet,singh
kailash,chand
guddu,singh
dhanraj,prajapat
choga,lal
kishan,singh
modh,yakum
varun,mandal
lateef,khan
ajay,mital
mahendra,prajapat
dharmendra,ram
saurabh,kumar
sher,singh
sumit,kumar
mohd.,imtiyaz
akhil,mehta
parveen,kumar
umesh,kumar
rajender,joshi
nikhil,chopra
sher,mahomad
arvind,mishra
ravi,kumar
jitender,kumar
mr.,shaitan
ashwani,kumar
rajveer,singh
harpal,singh
balak,singh
pawan,kumar
vivek,paswan
balbir,gela
rohit,arora
harshit,jain
jiya,lal
gopal,lal
jeevan,suyal
naresh,chaudhary
abdul,ahad
mohit,kumar
satbir,singh
laxman,mehtu
kanahiya,soni
jaspal,singh
jeetu,gautam
laddha,ram
amar,singh
visan,chetri
hari,singh
yogesh,sharma
deepak,sewani
mukesh,gurjar
shiv,kumar
hitesh,kumar
rohan,kumar
vinod,verma
ramesh,kumar
md,rafi
hem,chandra
abhisek,sharma
rajeev,kumar
mohd,shubhan
koushik,dutta
ram,chander
dalip,kumar
vikash,jain
kamlesh,badoni
bablu,naraniya
babu,lal
brij,mohan
ved,parkash
chhagan,lal
roshan,ram
devender,pal
vinod,dass
m,bahadur
md,abbas
padam,singh
rishi,pal
ratneshwar,roy
dhruv,goel
ganeshi,dass
imran,khan
manoj,sahni
krishan,kumar
rajeev,singh
kashi,v
rajeev,singh
bhisan,ram
khushi,ram
kamal,singh
naresh,yadav
tapas,nandi
divakar,sharma
rajinder,singh
upender,yadav
vikram,singh
anoop,rawat
pramal,mishra
mohd,aslam
kiran,pal
paramjit,singh
rajendar,prasad
diwakar,sinha
ashok,kumar
kamal,singh
mahinder,bhakuni
denesh,kumar
kishan,dutt
vijay,rai
mukesh,kumar
hera,parshad
bhupendra,goyal
ram,babu
devki,nandan
jaivind,kohali
pankaj,gautam
vishnu,bhati
jatin,kumar
rejaul,sekh
for,rehman
vijay,kumar
mohd.,jafrul
manish,kumar
ankur,solan
inder,dev
sh,birma
harish,kumar
hari,shankar
jitendra,gayri
rajesh,kumar
dhukhu,ram
njare,alam
partul,gautam
bharat,rawal
niranjan,day
vihsal,kumar
kuldeep,singh
phoolo,passwan
pawan,kumar
jai,parkash
jagbir,singh
dilip,kumar
amit,diwan
balwan,khar
dowlat,bhagat
vipin,sharma
subhash,aurao
vinoda,kumar
vinod,kumar
sher,singh
amber,darjee
ram,sagar
sher,singh
ravi,kumar
anil,singh
tilak,raj
harender,singh
vipin,yadav
rohit,kumar
manoj,kumar
tapan,mandal
ganesh,lal
raj,kumar
tilk,raj
sodan,singh
sanjay,bhati
mohit,singh
md,sehjan
jai,singh
narayan,singh
surender,bansal
dhananjay,singh
parmod,kumar
deepak,tiwari
megharam,meena
noor,mhoomad
md.,shoab
sumit,chakarwarti
anil,raj
susmata,dass
mohd.,saheed
arun,gupta
chaman,lal
gruchran,singh
satu,singh
mohd,akhtar
parmod,kumar
mast,ram
sandeep,gupta
kashish,sharma
om,prakash
sonu,kumar
mohd.,sajid
sarvesh,kumar
akhilesh,bhagat
rumeet,kumar
mahender,kumar
md,aslam
sanjay,saha
badri,lal
samir,hasan
santosh,kumar
kali,charan
ram,awtar
tirlok,singh
lalit,kumar
kunwar,sen
ashok,kumar
mukesh,kumar
girish,chand
ajay,kumar
vinit,verma
jitender,gupta
subjeet,vishavkarma
ashok,kumar
deepak,sagar
dinesh,singh
manoj,sachdeva
ram,parvesh
bhole,ram
chintu,kumar
basant,kumar
lakshy,jain
surendera,singh
yogendra,kumar
murad,husain
bharat,bhushan
angan,singh
rakesh,kumar
chandan,kumar
vikash,choudhary
souvik,banerjee
partap,singh
sultan,singh
raj,kumar
ravi,kapoor
ravi,lakra
badri,ram
chander,singh
mukesh,kumar
surjit,singh
kishan,soni
mukund,kumar
shiv,kumar
asarfi,lal
bhram,singh
vijaypal,singh
radat,shyam
amarjeet,singh
manish,chabra
harsh,chawla
raj,dhameja
md,imran
ram,swroop
pushpa,devi
suraj,pal
guddu,mishra
asish,agarwal
umesh,chand
sham,singh
rajendar,shing
shiv,kumar
ramfare,yadav
harish,kumar
ram,sumet
anil,suman
sakal,deep
dinesh,singh
vijay,bahadur
mohd.,samsher
santosh,uppadhya
smt.,jyoti
prabhu,swaroop
sawrn,singh
shankar,sharma
ajay,kumar
shiv,kumar
ratwari,chaudhary
swapam,som
sanjit,kumar
shakil,ahamad
susanto,dass
biitu,tomar
durga,singh
manesh,chadda
muzim,shah
vinod,kumar
rohan,singh
mahender,singh
sunil,kumar
raj,kishore
arun,kafley
lala,ram
pardeep,adak
avdhesh,kumar
jitendra,kumar
manmohan,kandwal
md,kadir
sarvan,mehto
mahender,sharma
amit,singh
ramanand,ray
milkhi,ram
dharmender,kumar
sanjay,jain
sanjeev,verma
pardeep,hemraj
sushil,kumar
yashpal,singh
dipanshu,soni
yogender,kumar
vidit,tyagi
megh,singh
kanhaiya,lal
amar,singh
kapiil,shah
suresh,thakur
vikas,rajpoot
mohd.,used
pawan,rana
subhash,sharma
khajan,singh
suraj,kewat
ramesh,kumar
visvajeet,mandal
om,parkash
gulshan,kumar
ravinder,kumar
sachin,gupta
abhishek,tiwari
piyush,anand
gotam,kumar
gorav,chandra
bharat,kumar
chander,prakash
n.,kumar
homa,soji
ram,swaroop
nishant,kumar
kartar,singh
umesh,kumar
atul,uppel
sameer,khanna
ajay,choudhary
dharmender,sahu
ravi,rawat
suraj,pal
md,salim
maksood,mohd
anuj,kumar
vinod,kumar
santram,meena
ashok,kumar
chander,parkash
ajab,singh
bhagat,singh
devendra,singh
mukesh,kumar
vaid,prakash
ajay,kumar
dharam,pal
chetan,yogi
mohd,tausif
pintu,kumar
chain,singh
sinil,kumar
radha,raman
prahlad,sharma
kamla,pardad
mohd,kaim
ashok,kumar
arvind,bhardwaj
omkar,singh
suresh,kumar
gaurav,aggarwal
amit,kumar
arjun,sharma
om,parkash
parvej,alam
mohd.,sharukh
mohd.,sharukh
mohd.,izhar
shur,singh
ram,singh
bhagat,singh
kishore,dutt
suresh,singh
rajesh,mishra
shyam,chirag
dolat,singh
suneel,kumar
ajay,gupta
sabbir,ahmad
kapil,aroda
sanjay,kumar
abhinav,mittal
rakshit,garg
sandeep,kumar
hamza,shamim
pankaj,kumar
roshan,kumar
naryan,singh
manjeet,kaur
manoj,kumar
baichan,pando
mohammad,nasim
mohd,nazim
ramesh,kumar
neeraj,sharma
nand,lal
mohan,dagar
ashish,vajpay
sagar,pal
mohd.,samad
sashi,partap
sudhir,kumar
shanti,lal
ali,hussain
sanju,tamang
neelajan,sen
chajju,singh
ghurul,alam
kamlesh,kumawat
nirbhay,tiwari
neeraj,kumar
kamal,kishore
vivek,sharma
pervez,aalam
ashwani,kumar
binder,singh
sagir,ali
amit,kumar
mehbob,ali
yogendra,pal
hari,lal
mohar,snigh
pyare,lal
navin,kumpawat
azad,singh
sham,singh
madhusudan,prasad
mohd,parveen
shiv,kumar
pramod,mishra
amit,kumar
hitesh,widhuri
rishi,mandal
sharanjeet,kour
munna,shah
ajit,yadav
prateek,bahl
lal,singh
moh,arif
p.,murgesh
shiv,kumar
rajveer,singh
balram,bhandari
sheh,nawaz
fahim,ullah
shahid,khan
rahis,ahmed
jawed,malik
surender,kapoor
ramesh,kumar
jagnath,murmu
mali,ram
sanjeet,kumar
inderjeet,singh
rauf,mohammad
pawan,kumar
sankar,lal
md,eklok
meenu,kumar
pyare,lal
rakesh,chhatwal
rohit,gulati
hari,singh
chela,ram
virender,kumar
vijay,kumar
chandra,parkash
vijay,mann
mohit,kumar
shashid,khan
dheeraj,chawla
nadir,tanzeem
ajay,mishra
suresh,kumar
parkash,kumar
ravinder,singh
bharatlal,meena
dund,kishan
badri,prasad
subhan,khan
anurag,mishra
rahul,pratap
chura,bahadur
mahender,singh
madhu,sudan
faisal,yajdani
jagat,singh
sandeep,kumar
jasvinder,singh
shankar@,kalu
munna,shah
aashish,gupta
bholu,ram
jahir,alam
md.,anus
chunnu,sharma
rakesh,kumar
devi,lal
ravi@,yadram
naisi,ram
manoj,kumar
mohd.,salim
mohd.,salim
abdul,rajjak
nabi@,bhura
sh,rajendr
neeraj,kumar
sagar,kumar
rahul,kumar
vipin,gujral
md.,khalid
mohd,shan
mohd,faiz
prabhjit,singh
ramesh,kumar
mohan,lal
charan,dass
mohd,khalid
rajesh,kumar
aanand,kumar
jay,narayan
sunny,goyal
sandeep,yadav
rampal,singh
sanjiv,kumar
rajender,nath
raman,rajak
amrit,singh
laxman,kumar
suraj,pal
amit,kumar
sandeep,negi
anil,mandal
meghanath,suwedi
shishul,pal
bharat,kumar
boby,farman
ram,yadav
taiyab,khan
mo,nadim
mohammad,kaif
kuparth,shah
lal,singh
suresh,kumar
vicky,singh
amit,kumar
kulwinder,singh
himanshu,bisht
sher,khan
poshetty,gajjala
bhura,singh
ratan,lal
rishab,kumar
sukhdev,manjhi
naved,ali
amit,singh
nain,singh
mehboob,ali
sheikh,hamidral
amit,kumar
manoj,kumar
manoj,kumar
surender,kumar
raman,singh
raghubir,singh
parhalad,yadav
pardeep,kumar
dheeraj,malik
vinod,kumar
miraz,ali
moh0,umar
amit,kumar
amit,kumar
amit,kumar
amit,kumar
amit,kumar
pankaj,dhami
angad,bhatia
sanjeev,bhardwaj
wazir,azam
manoj,kumar
chtar,singh
kishan,singh
sanand,jha
kanta,prasad
seeta,devi
noore,alam
vijay,kumar
wazid,husain
kapil,kumar
neelkant,sharma
geeta,bhagat
mohammad,rasid
hardeep,singh
jamadar,yadav
bal,dev
vinit,kumar
rama,singh
raj,upadhyay
rihal,ali
narender,kumar
anil,kumar
manish,aneja
bijender,singh
rame,singh
mohan,singh
hasibul,khan
sher,ram
pawan,kumar
kuldeep,singh
radheshyam,gupta
ram,singh
sumit,singh
deepak,kumar
bhawani,shankar
rahul,paswan
sujeet,vishwas
satendra,singh
kana,ram
mahender,sahani
nilu,giri
amit,kumar
sohan,singh
prashant,mishra
kamal,kishor
amir,hamza
kamal,yadav
arun,sing
abdul,sakur
ratan,lal
amit,kumar
dya,shakar
dya,shankar
mahender,verma
punit,gupta
mohd.,whied
jogender,singh
harsh,sharma
ashok,kumar
vikrant,singh
roshan,singh
deepak,kumar
naresh,kuamr
awdesh,kumar
brijlal,giri
amar,deep
deepak,sharma
pramod,shrama
rajender,kumar
tarbez,ansari
uma,shankar
ajit,singh
om,prakash
mohan,lal
sahil,khan
vijay,kumar
ujjawal,upadhyay
md,hasan
shivaji,rai
shakti,singh
gopal,dass
ranbir,singh
bhola,nath
sunil,kumar
md,hassan
gopal,lal
mohan,pandey
somnath,batra
anil,kumar
jai,parkash
khajan,singh
aakash,chaudhary
prem,singh
satbir,kumar
parnav,kumar
mohan,lal
krishan,kumar
kaushik,kumar
munna,lal
azhar,khan
mohmed,kanok
abdul,gani
ram,bhrose
mohd,monish
dharmender,kumar
suresh,chand
jitender,soni
pintu,meghwal
mo,sarif
harish,kumar
bijender,singh
muksndi,lal
raj,kumar
ratan,lal
partik,kumar
dev,dutt
aaftab,alam
subodh,yadav
sujeet,haldal
anil,kumar
anli,kumar
shami,walia
gheesa,singh
ram,parvesh
shah,aftab
ranjeet,singh
dheeraj,passi
sunil,kumar
mithlesh,yadav
ramkumar,tiwari
dhiraj,passi
bhanvar,singh
deepak,kumar
rajendar,sen
ram,shabad
raj,kumar
naresh,bansal
amit,sachdeva
buhan,chandara
nenhe,sidhque
mohd,hanif
vijay,kumar
mansoor,ali
mustkeem,ali
mustkeem,ali
ashwani,saluja
sanjeev,sarkar
deepak,kumar
jile,singh
sher,singh
zahir,miyan
dhuruv,shetty
m,rajeev
kanheya,lal
chandu,paswan
deepak,gupta
suraj,rana
mohd,anwar
vijay,kumar
baburam,singh
bansi,lal
parvesh,kumar
mohit,kumar
om,prakash
amit,sharma
narayan,ram
mohd,salman
anil,jain
umesh,kumar
hawa,singh
dinesh,siriwastav
suresh,kumar
charan,singh
hazari,lal
afzaj,ansari
rahul,mishra
bhupender,singh
ranjeet,kumar
iswer,singh
ravish,kumar
lala,ram
kamal,kakkad
mohd.,latif
shkur,khan
mohd,sabbir
amit,sharma
ganesh,yadav
babu,lal
mumtaj,ahmad
sahid,khan
ranjeet,singh
ajay,kumar
sumit,kumar
upender,jha
mani,kumar
md.,ashik
arab,singh
jitan,ram
kurban,ali
anurag,chander
harbansh,singh
kuldeep,kumar
laxman,bhadur
ziarul,rehman
babu,ahmad
simranjeet,singh
devi,dass
mohmad,shadi
rudra,pratap
sundar,lal
akash,mandal
amit,parasar
kundan,ram
om,prakash
rashid,ali
deepak,prasad
tarun,soni
mahesh,kumar
khubi,ram
mohd,akil
ravinder,kumar
subodh,kumar
pardeep,kumar
hari,om
rajesh,sharma
sumit,raghav
mahaveer,mehto
shiv,kumar
shree,pal
netra,singh
manish,rana
shyoram,avatar
saroj,kumar
harish,kumar
amit,kumar
surendra,singh
kumod,yadav
hitender,garg
kishan,kumar
krishan,pal
vijay,aggarwal
gurnam,singh
pappu,joseph
ganesh,jat
md.,jisan
shyam,bihari
kishan,lal
sudhir,kumar
ahmed,hussain
mishri,lal
ajay,kumar
bijender,singh
chaman,lal
ravi,singh
pawan,rana
saurabh,ujjwal
sunil,mehta
geesa,kha
vinay,kumar
vinay,kumar
chander,bhan
chhabeel,sharma
keshri,chand
ram,lal
bharat,taneja
sohan,lal
deepak,kumar
somnath,banarji
deepak,kumar
manoj,khanduri
panchi,lal
sadik,husain
saroop,singh
ajay,kumar
anuj,kumar
aalam,aara
sarvan,kumar
sunil,yadav
sumit,kumar
md.,aakil
rajat,sarma
babulal,sharma
jasim,ahemad
bharat,singh
shashi,pal
chaman,lal
lalit,prasad
mahender,singh
vijay,kumar
ram,gopal
rajan,kumar
jayesh,singatvadiya
amit,gupta
amzad,khan
ramanand,jha
ram,kumar
nawab,ali
satrughan,muttun
nawab,ali
sunil,kumar
udal,singh
gurbachan,singh
ashish,solanki
pradeep,agrawal
suresh,dass
krishen,kumar
satbir,singh
ajay,saine
sheilesh,kumar
krishan,kumar
ishwar,bansal
vivek@,rohan
vivek@,rohan
suresh,kumar
rahul,kumar
mukesh,kumar
radhe,shyam
naveen,singh
rahmat,ali
trilock,chand
mohan,singh
shiv,kumar
amar,pal
laxmi,kant
jai,kailash
virender,paswan
pankaj,kumar
janwi,chaudhary
rishi,raj
ajay,kumar
mohd.,fazil
moham,madhav
stifen,john
virender,sehrawat
ravi,kapoor
vikram,khatri
khetra,nath
saleem,ansari
man,mohan
robert,forsis
succha,singh
inder,lal
bhart,kumar
vedh,prkash
amit,prasar
rohit,rawat
nitin,sharma
badan,singh
nand,kishore
chaman,lal
abhijit,singh
sandeep,kumar
vivek,shokeen
sanjeev,ratan
mahadev,parshad
shayam,kumar
chitprit,singh
raja,ram
shyam,lal
sachin,lakhera
jagdish,mushar
suman,kumar
pahalwan,singh
chhidu,ali
leela,ram
imran,khureshi
parvej,alam
sarip,ahmad
pawan,kumar
arshad,ali
saddam,hussain
pawan,kumar
nitin,kumar
vijay,kumar
devesh,kadyan
ankit,kumar
rajesh,kumar
ashok,kumar
shrikant,manjhi
vikash,kumar
awedhesh,kumar
rajender,kumar
elwin,lal
mahender,mishra
jaipal,singh
subash,shani
vipin,sharma
gaurav,gupta
rohaan,sadat
mohd,kamran
rahul,dhawan
harpreet,singh
aman,kumar
ramdev,sharma
mr.,satyanara
sheetal,prsad
akashya,tyagi
mohit,brig
manish,ghai
ganga,ram
jiwan,dhir
ravi,kumar
abdul,rahim
manish,ghai
mohan,lal
naveen,sharma
nikhil,shukla
deepak,kumar
gourav,verma
raj,kapoor
mohd.,firoz
sawali,mahto
laxman,sinsh
mho.,majid
mho.,majid
satyanarayan,darji
satyanarayan,darji
niranjan,choudhary
amit,kumar
md.,saleem
naveen,kumar
vikash,malik
bhajan,lal
tek,bahadur
neeraj,sharma
yash,goyal
rajveer,singh
narender,singh
ramesh,chand
rohit,sharma
naveen,nischal
akhlesh,paswan
lalit,kumar
firoj,ahmad
prem,chand
ishant,sharma
ravinder,dhaka
jitender,singh
baljeet,singh
swami,nath
sita,ram
narender@narender,bagdi
noor,mohammad
aakash,kumar
rajnish,gupta
ashok,kumar
vinod,kumar
krishan,kumar
rajesh,kumar
lal,singh
pawan,kumar
shambu,dayal
parbhat,jha
rehmat,ali
shiv,narayan
hiten,dev
ankus,puri
abdul,samad
mohd,salahuddin
shyam,pal
sumer,singh
moh,iqbal
ravi,rakuwar
sunil,kumar
sagar,goswami
pabitra,bhoi
sam,midde
bheem,mukhiya
deepak,aggarwal
amit,kumar
vikash,kumar
rajesh,sharma
bhagwati,prasad
pramod,tyagi
aanand,kumar
pankaj,kumar
pawan,kumar
ramesh,kumar
roop,singh
perveen,kumar
sanjay,yadav
vivek,raj
neeraj,jain
jai,kishan
parmeshwar,das
kartik,das
kantil,lal
vinod,kumar
pradeep,kumar
ram,kishan
suresh,chander
raju,singh
mohd.,kaif
jatin,sharma
mohd.,vashim
dharmveer,singh
anish,ahamad
deepak,tomar
bablu,singh
shardha,nand
insaf,ali
deba,prasad
naseem,ahmed
shaubha,ram
abhay,papnoi
aalam,singh
amir,hussain
gulshan,chadda
idrish,ali
maatwar,singh
santosh,kumar
lalit,pandey
pankaj,yadav
surinder,singh
sunil,gurjer
rajesh,tiwari
mithun,kumar
pawan,kumar
ashok,kumar
aditya,arya
himanshu,mahajan
ramanand,tyagi
ravi,arora
ankit,kumar
vinod,kumar
hemant,kumar
arun,singh
paras,chawla
mukul,sharma
rajesh,sharma
parveen,kumar
hanif,khan
veer,singh
dineesh,khatik
surjeet,singh
pyare,lal
sunil,kumar
raju,khan
sunil,gujar
parmjeet,rai
ilayat,mudda
pawan,kumar
upender,dass
azad,hussain
sunil,kumar
devanand,kushwaha
narendra,singh
pravin,kasana
vinod,kumar
shyam,sunder
rajesh,kumar
pintu,saini
khadak,singh
om,prakash
prakash,gupta
ajit,singh
satpal,chauhan
sukhbir,tanwar
bhajan,lal
jagdish,sharma
raju,gharami
mohd.,almas
raja,muttu
vasa,ram
shankar,lal
libin,lukkha
ram,chander
baccha,singh
ajit,singh
bhupender,pal
rudhra,pratap
ghaseeta,ram
vipul,vats
parkash,kumar
shokar,khan
mohd.,arman
harish,kumar
ram,narayan
mohd.,ajim
abhishek,tiwari
yogender,choudhary
tinku,singh
saroj,kumar
sandeep,kumar
rajeev,gupta
banshi,lal
mohd,jaid
tisar,parasar
mukesh,kumar
miha,singh
rajendra,singh
rakesh,soni
naresh,kumar
smt,ashan
braham,singh
hisham,singh
dolat,ram
deepak,kumar
saurabh,beeryani
rohit,beeryani
mo.,firoj
sunil,kumar
panchhi,ramji
trilok,chand
mayank,sharma
rajesh,mehra
chandki,ram
veer,singh
aman,singh
harpreet,dham
jahir,ahmad
rakho,hari
narhasi,dass
rajesh,patra
munnawar,ali
ajay,kumar
ashok,kumar
ashok,kumar
kunda,swami
dilip,singh
naresh,garg
manish,panday
baccha,prashad
aanil,yadav
mohd,mukeem
vinod,kumar
mukesh,singh
narender,kumar
dinesh,kumar
shiv,achariy
kamal@,kala
harpal,kishan
bhagwan,dass
harish,kumar
raj,kamal
harwindra,singh
nand,ram
pawan,kumar
amit,kumar
ramswrup,bhatya
jai,parkash
devinder,sunar
avnish,kumar
kisori,lal
moshad,ali
sahdev,mishra
ravi,kumar
parveen,kumar
nand,kishore
neeraj,kumar
som,nath
firoz,ahemad
benu,malakar
tulsi,sharma
al0k,awasthi
hari,dutt
balwant,singh
noor,hassan
abishek,kumar
raja,ram
kanda,swari
mukesh,kumar
danish,ahmad
panna,lal
ajay,kumar
raju,mahto
vinod,kesri
ramgopal,singh
aman,sharma
bagwan,das
prem,lal
rajesh,sharma
abhishek,kumar
sunil,kumar
ruksar,kausar
raju,khan
nathu,singh
arun,dabas
sugar,singh
firoz,khan
chandar,mohan
baliram,khanak
hareshwar,prasad
anuj,kumar
vinay,kumar
narayan,singh
faizal,hussain
abdul,kalam
baljeet,singh
bulad,akhtar
madan,pal
rajat,gupta
nanhe,lal
ashok,kumar
praveen,kumar
alok,singh
rajbir,singh
mohit,kumar
ansal,topo
vinos,kumar
attar,singh
mithlesh,mishra
nannu,ram
bablu,pandey
surja,jat
joydeep,singh
sakir,ali
gurjit,singh
moh,irfan
jgdish,sharma
mooldan,singh
mohd.,haider
mohd.,firoz
satish,kumar
ramlal,nath
pooran,chand
heeera,lal
abu,talha
redhema,munde
bhajju,ram
vijay,kumar
suraj,munda
gaurav,kumar
samer,bahadur
bhagwan,nishad
shubham,thapa
shubham,thapa
sikandar,sahu
bitto,kumar
rajiv,chawala
sharukh,khan
mohd,farhan
riyasat,ali
bhulan,kumar
rajeev,kumar
suraja,ram
rajendra,chourasiya
gulab,nabbi
yashpal,nagpal
varun,kumar
ranjeet,singh
mahesh,saini
naveen,rastogy
daya,anand
ali,ahmad
prince,singh
deepak,gupta
jamad,ali
amol,mishra
ved,prakash
kaushal,kumar
sidharth,vermani
md,zahid
sandeep,verma
manmeet,kumar
moh,suhel
ravinder,bahadur
pramod,kumar
sahil,kumar
vinit,kumar
injmam,akhtar
raghav,sharma
raghav,sharma
khushi,ram
satya,narain
chander,shekher
prashant,jain
kamleshwar,kumar
vijay,pratap
himanshu,dagar
mul,chand
rohit,kumar
shivam,rajpurohit
sundar,singh
avinash,kumar
fazaz,khan
prabhu,dayal
sandeep,narwal
vipin,thakur
chom,singh
rakesh,kumar
suman,chaudhary
pankuj,bansal
raju,kumar
chosh,singh
gauri,shanka
rashid,ahmead
bhani,ram
kanchi,sing
bablu,jagdish
gurbachan,singh
vijay,kumar
md.,arman
sonu,kumar
lokesh,kumar
lokesh,kumar
gopal,singh
kailash,chandra
pyare,lal
tanuj,kandpal
raj,kumare
shambhu,jha
nipun,rathee
md,shahnawaz
mohd.,gulfan
virendra,singh
khalidur,rehman
pawan,lakhwani
naresh,sabarwal
akshay,kumar
akshay,kumar
varun,jangra
dauad,beg
md,aagad
shahnawaz,shah
manish,garg
harish,batra
suresh,kumar
irfan,salmani
balwant,singh
mangilal,kumhar
gourav,mital
hari,chand
mukesh,kumar
vijay,kumar
nirmaljeet,singh
vijay,nepali
ajay,kumar
vijay,kumar
sanjeev,kumar
laxman,dash
rakesh,kumar
ram,veer
sunny,kumar
vinod,kumar
ankit,sharma
sunil,kumar
jimi,pal
shyam,rana
dhan,singh
narendra,singh
ram,sawer
mohd.,habib
rajendra,singh
varun,anand
rajesh,mandal
moh.,ali
manisha,devi
hari,singh
shri,ram
satendra,singh
joginder,singh
ali,warish
manoj,kumar
doulat,singh
puneet,chawla
amit,kumar
vishal,atre
mohar,singh
vinod,kumar
anurag,verma
bake,lal
manoj,kumar
gaurav,maheshwari
bharat,nirvan
sahlesh,kumar
dinesh,kumar
rohit,bairagi
ved,parkash
sajid,hussain
punit,sharam
ramesh,chand
kuldeep,singh
mukesh,kumar
mohd,haseef
lalit,kumar
abhishek,sharma
sanjeev,kumar
ravi,bhushan
kuldeep,singh
devender,singh
sachin,bhavi
vishal,anand
dhram,raj
shivam,shkula
anil,kumar
vickey,singh
rajeev,kumar
dharam,raj
arnabjit,mukherji
duraga,prashad
akash,rajput
hem,singh
abhishek,kapor
shiv,kumar
mukesh,mandal
krishan,pal
salim,malik
harish,chand
vijay,thakur
ashok,sharma
mohd,aashiq
tejpal,sharma
dhiraj,panday
shadhik,alli
mansoor,alam
rajkumar,khanna
arshad,khan
prakash,chand
amit,verma
jai,parkash
ankur@,joni
raj,kumar
ram,janm
damodar,prasad
santosh,kumar
shambhu,lal
sadur,rahman
vijay,kumar
mohd,wazir
pavan,kumar
vikas,aggarwal
bulet,singh
laxman,singh
sunil,keshri
manjit,singh
sanjeev,goswami
jadu,nath
devanand,tripathi
amit,singh
rama,ram
neeven,kakkar
yash,sharma
pokhar,das
sanjay,kumar
dhanpat,ram
vinod,kumar
manoj,kumar
smt,sangita
chandra,shekar
tarun,yadav
mahaveer,singh
sanwar,lal
gouri,shankar
anish,bansal
manish,malhotra
pritam,kaur
manish,ahuja
manish,kumar
harish,kumar
hanish,khan
rahul,kumar
shankar,uppal
jawahar,lal
ashok,paswan
mukesh,kumar
harbhajan,singh
roshan,lal
joy,kashyap
gurpreet,singh
pyare,lal
sushail,singh
dinesh,kumar
ram,sanjeevan
rohit,jain
shakti,singh
mohit,kausal
pradeep,aggarwal
subhash,vharma
akshay,kumar
sanjay,bhalla
gajender,singh
aatam,parkash
brajendra,singh
chandra,sekhar
narender,sharma
satish,kannaujiya
avdesh,kumar
jakir,hussain
ajay,halder
pawan,singh
shankar,verma
noor,alam
kalu,ram
mohammad,saraj
virender,singh
kishor,ahuja
shri,parkash
nikhil,chauhan
bheem,singh
hari,om
vishal,kumar
sushil,kumar
sujit,jha
vikas,parshad
gopal,krishan
vipin,kumar
noor,shahid
smt,sonam
amar,bazaz
parvinder,singh
saheb,raza
monu@,neeraj
krishna,giri
akash,meena
sunil,gujar
munna,kumar
sushila,devi
harish,uniyal
rajendra,singh
taar,babu
abhinash,chauhan
rakesh,kumar
prashant,mishra
jitender@,monu
khajan,singh
manohar,lal
naveen,singh
sanwar,lal
kalwant,singh
gyan,prakash
badan,singh
sumit,tiwari
rahul,shukla
aavesh,kumar
kumari,sona
parminder,singh
himanshu,dedha
vijay,kumar
hardik,yadav
rajender,prasad
mohd,saddam
harsh,kumar
raju,ninama
joy,amal
vijay,anadn
vishal,bhandari
tushal,bhandri
aakash,sharma
rakesh,kumar
shaswat,roy
mohd,abusala
nawaz,sarif
sunil,kumar
gaurav,kumar
anil,kumar
raj,kumar
mahroj,ali
ravi,kumar
suresh,kumar
mohd,azad
raj,kumer
ganga,sahey
raj,kumar
ram,shakal
sanjeev,kumar
sri-suraj,negi
sukhveer,singh
manjeet,singh
sukhmit,yadav
mahesh,kumar
rahul,kumar
vipul,kumar
suresh,kumar
utam,singh
laldhari,ram
wakar,ahmad
amir,soyal
mool,chnad
dilip,singh
balbir,singh
raju,lal
jugender,khetpal
ganesh,malik
chandan,kumar
mahinder,singh
sumit,verma
vijay,pal
ramprasad,sodani
mukesh,chaudhry
chandan,adiwasi
ram,ayodhya
samim,malik
rohit,singh
davender,dass
ashok,kenoor
jitendra,kumar
diwan,singh
hari,singh
sushil,kumar
mohd,haider
deepak,kumar
rohit,kumar
raman,verma
nazir,ahmed
upender,singh
amar,singh
amar,singh
vijay,kumar
desh,raj
rup,lal
shaymu,meena
sadik,ali
ram,jiyavan
sangram,singh
shabi,abbas
rajat,kumar
arjun,sahni
shashi,pal
ratneswar,mishra
raj,kumar
ganga,ram
junl,ansari
mahender,singh
raj,kumar
govind,dev
mukesh,kuril
mukesh,sohli
vivek,ratan
anil,chouhan
nitesh,kumar
shanbhu,dutt
raj,kumar
ajeet,singh
vishal,raghav
md.,sohail
zafar,alam
dharam,singh
shivnath,shah
prem,kumar
roop,kishore
ahmed,ansari
amit,kumar
laxmi,kumar
rahul,sagar
sharad,kumar
vijay,gurjar
ajay,god
asiwani,kumar
praveen,kumar
ashish,kumar
amjad,khan
harees,sharma
harees,sharma
sanjeevan,lal
ashwini,kumar
shiv,vesh
chander,swaroop
pargat,singh
virendra,kumar
mohd.,ahamad
parbhu,dayal
amit,kumar
ravinder,singh
aashish,bhartdwaj
pradeep,saini
parmod,kumar
nitesh,kumar
vinod,kumar
monu,giri
diwan,singh
diwan,singh
lal,chand
naresh,singh
ranveer,singh
harpreet,singh
shankar,gupta
adil,khan
umakant,tiwari
raj,kumar
shri,kishansingh
manoj,kumar
dinesh,mishra
rahul,sharma
zahid,kuraisi
sunil,kimar
barham,parkash
ravindra,kumar
khushal,mani
satbir,chada
manoj,kumar
pappu,mandal
ankur,gupta
ajaj,ahmad
kalu,ram
mohan,lal
vimal,dhakar
ashok,bairwa
gopal,tiwari
mahendra,singh
mohd,kashif
budh,prakash
pradeep,rawat
mohd,jahoor
ganga,ram
vishal,tomar
prasant,tiwari
mohit,lakra
raj,bahadur
kali,ram
mahaveer,tyagi
narayan,ram
vipin,jain
bhoop,singh
mohd.,yusuf
raj,bahadur
mohan,lal
bal,bahadur
manish,sharma
md.,sabir
ateek,ahmed
gurcharan,singh
ram,kishor
ratan,lal
ankit,garg
jagat,narayan
shankar,dass
jitender,agarwal
vishnu,singh
pardeep,goyal
manish,kumar
gauri,sahani
gyarsi,lal
md.,mustak
md,mustak
beekar,singh
parmod,sharma
jamir,ahmad
ved,parkash
ajay,chorasiya
amit,kumar
vijay,saini
neeraj,kashyap
puran,singh
rajesh,kumar
tulsi,sharma
atanu,das
lalit,kumar
smt.,tamu
bhup,singh
krishan,kumar
krishan,kumar
krishan,kumar
anil,kumar
ashok,kumar
khajan,singh
raju,singh
raj,kumar
faroj,alam
shiv,paswan
ritunjay,tiwari
santosh,kumar
santosh,kumar
jagdish,nayak
abdul,rajik
prithvi,chand
sh.,yogesh
banwari,soni
raj,karan
pravindra,singh
md.,imran
nur,ahmad
jakir,hussain
bhim,singh
sudhir,kumar
nitin,kumar
dinesh,chand
amiri,kumar
atul,parasar
harnam,singh
kapil,kumar
mh,sahil
sh,jainarayan
govind,singh
rakesh,kumar
ashif,ali
sunil,kumar
abhijeet,sarkar
sohan,kumar
vimal,dhakad
vimal,dhakad
anand,shahy
akhilesh,yadav
jhakar,singh
rupan,kumar
jaiveer,singh
sikander,pal
saurabh,gupta
javed,khan
ajay,kumar
roop,chand
rajesh,kumar
achin,chakraborty
gopal,singh
munsi,ram
naresh,kumar
dhani,dass
faqir,chand
krishan,pal
ravi,dwivedi
anoop,dimri
akshay,kumar
deepak,kumar
sarkar,govinda
ghansyam,kuswah
manohar,vishnoi
deelip,verma
ghanshyam,kushwah
sushil,gautam
deelip,verma
dharmendra,singh
karan,singh
jishan,khan
aman,bharat
rajendra,singh
harpal,singh
vinod,kumar
lakhwinder,sharma
dharm,singh
atul,misra
umashankar,prajapatti
ahsan,salmani
anil,kumar
satpal,khanna
pankaj,mehra
kishan,lal
deepak,kumar
mahesh,kumar
ganesh,jha
shrimati,seema
mohammad,afjal
jagdish,kumar
manoj,gaur
sanjay,yadav
subhash,chand
ramesh,chand
baban,tiwari
altaf,ahmed
shiv,kumar
anil,chodhari
prem,singh
ranjeet,kumar
vichitra,sharma
shamim,akhtar
asgar,khan
mohd.,mustfa
bhanu,pratap
arvind,singh
mohd,sadique
sahi,ram
sunil,kumar
kanwar,ali
vinod,kumar
satyapal,singh
mukesh,vaishnav
surendera,saini
bhartendu,singhal
unknown,person
praveen,kumar
ram,kumar
shankar,singh
anil,dhar
suraj,puri
ashok,kumar
om,prakash
budhan,yadav
safe,akhter
suresh,chand
dilip,kumar
hanuman,sing
pawan,kumar
pawan,kumar
pawan,kumar
hamid,khan
chetan,chawla
dhan,bahadur
rahul,pratap
ritik,gupta
mohan,swaroop
md.,akhlakh
durga,singh
kailash,garg
md.,mohsin
rajesh,paswan
anurag,prasad
sundar,singh
sonu,sah
kabal,singh
arjun,yadav
rajveer,sing
sariq,rahaman
amit,gupta
pramod,kumar
mohd,tanveer
vinod,kumar
imtiaz,ali
sandeep,kumar
harish,sharma
dilip,kumar
javal,singh
ajay,pal
dord,yadav
ratn,lal
jatan,singh
rajpal,singh
arun,kundra
rahul,pandey
mohd.,imran
sunil@,mukesh
birjesh,kumar
prashant,lakhera
sunil,kansal
mohd.,munna
noor,hasan
jai,singh
vinay,kumar
rahul,vijay
pavan,kumar
ved,parkash
krishan,kumar
vishal,panchal
samar,singh
jaswant,singh
prem,nath
jitender,singh
sanjay,singh
jalwad,hushen
akif,mohammad
surender,mandal
himashu,chabra
anwar,ansari
sanat,patra
gul,mohd
madan,singh
banwari,saini
manish,dimri
davendra,meena
davendra,meena
laxman,singh
jaswant,giri
shalig,ram
nitin,dixit
pankaj,yadav
sumit,bhasin
maneesh,kansal
dharmender,kashyap
sumit,bhasin
shyam,sunder
ratan,lal
kuldeep,singh
dinesh,kumar
chatar,pal
prem,chand
sowar,singh
varun,kalra
mansur,ali
yogesh,kumar
nitin,shukla
anand,singh
bhanwer,lal
ram,kumar
anil,kumar
ashok,babu
meenaz,khan
ajit,singh
anil,yadav
mohd,firoz
akash,sharma
ravi,panday
sanjay,singh
manpreet,singh
siyaram,modi
suresh,kumar
champa,lal
virendra,singh
vinod,kumar
vinod,kumar
anil,garg
ravi,sharma
karan,singh
ravikant,sharma
ravi,kumar
ghan,shyam
shiv,kumar
ankit,mishra
ajay,kumar
ajay,negi
karishan,lal
mani,kant
praveen,kumar
ishwar,singh
chandan,ram
harish,arora
ashok,kumar
jai,shankar
bablu,saini
multan,singh
padam,chand
banwari,lal
deepak,kumar
subham,sharma
preetam,kumar
ravi,kumar
ravi,kumar
sukka,singh
abhimanu,saini
nar,singh
sachin,kumar
neeraj,kumar
rajesh,kumar
kapil,sharma
sahib,alam
sahil,alam
pawan,kumar
hari,chander
gaffur,khan
gaurav,kumar
dinesh,kumar
madan,gopal
sumit,kumar
avdesh,sharma
deepak,kumar
navi,alam
deepak,kumar
prem,chand
sagar,bist
sanjay,singh
sarbjeet,mishra
shiv,kumar
suraj,kumar
shankar,kumar
matbar,singh
monu,kumar
ram,bharose
raj,ram
shyam,verma
sanjeev,kumar
amandeep,singh
sumit,singh
dharam,singh
ashok,kumar
babu,lal
rakesh,kumar
anil,kumar
parjinder,singh
manish,kumar
rajeev,lochan
akhlaq,ahmad
mohd.,asif
rajesh,anand
bhagwan,das
rahul,sharma
monu,chauhan
atul,kumar
monu,chauhan
dhani,ram
anil,kumar
sonu,kumar
ashish,sethi
kaushal,chaudhary
gursimaran,singh
bahadur,singh
aabid,khan
sandeep,kumar
shahid,ahmad
avtar,singh
adhish,kumar
ramesh,kumar
devinder,singh
subhash,chand
madan,kumar
md.,anvar
laka,ram
mangla,ram
gopal,kumhar
babu,lal
ravi,kumar
amit,kumar
deepak,yadav
piyush,singh
ganga,bhagat
jai,prakash
gourav,kumar
sunil,sharma
dhanna,lal
anil,chadda
praveen,kumar
raj,kishor
virender,singh
prem,kumar
nain,singh
ravinder,tyagi
amit,kumar
mohan,sharma
mohd,zakir
chander,bhan
raju,verma
yaksh,panchal
raj,kumar
vikash,tomar
krishna,jha
nitish,bhardwaj
ram,chander
rajjit,kumar
ajay,singh
brahmanand,sharma
brahmanand,sharma
jot,ram
satyanarayan,harijan
ganga,singh
firtu,lal
surender,pal
suraj,kumar
vikash,seni
badri,meena
raja,babu
dharam,dass
angad,kumar
mukesh,mewara
sanjey,kumar
ranjeet,singh
manish,chouhan
pardeep,kumar
faisal,malik
ram,kishan
manoj,kaushik
mukesh,kumar
feru,singh
vikram,singh
bhagwan,dass
rohit,sharma
veer,singh
amit,kumar
zishan,khan
suraj,panday
md,saeed
anil,kumar
vivek,mishra
ashok,kumar
dharma,ram
shivam,kosik
rajnish,kumar
raman,dixit
sidhart,shukla
noor,islam
veer,bhan
hamid,ahmed
phool,chand
shubham,meghwal
harimohan,sharma
zuhaib,nasim
saurabh,rana
pankaj,sharma
vinod,kumar
anuj,jain
chakra,bahadur
kailash,kumar
mohit,bhatia
khushi,ram
anuj,kumar
chander,aggarwal
udesh,jha
mho.,taiyaybh
bhiva,ram
rabpreet,singh
sanjeev,ray
prem,singh
raj,tilak
hoti,lal
ishwar,singh
mukul,kumar
mukhtar,ahamed
ram,narayan
shri,memraj
jamna,lal
sushil,kumar
kanhaiya,lal
vivek,gupta
keshav,mattur
raman,kumar
sanjay,kewat
vijay,kumar
amarjeet,singh
sanjeev,tirpathi
bhupendar,singh
ramvihar,chorsiya
harbhajan,singh
arham,hussain
prashant,kumar
umar,farukh
mangal,bind
mahveer,singh
pradeep,kumar
abhishek,seervi
amrik,singh
suman,kumar
sushil,kumar
mohd.,afzal
pankaj,kumar
karamvir,naagar
samadhan,more
inderjeet,singh
parathvi,raj
roshan,lal
imran,khan
anil,bhayana
naman,jain
sat,prakash
bhagwan,dass
sunder,singh
raghu,sahu
anil,kumar
manish,kumar
vidhi,singh
noor,ahmad
suresh,durg
anil,kumar
mahesh,balwani
vijay,kumar
anil,jatav
gaurav,tyagi
diwan,chand
gorav,tyagi
ashish,kumar
mo-,anjum
lalu,ram
mohd.,altaf
jai,prakash
vrendra,singh
veerendra,singh
hari,chand
sheish,jha
ravinder,morya
sanjay,kumar
ruben,sunwak
moh.,imran
suresh,mehta
satish,kumar
vijay,karan
prem,pal
sahil,khan
rajpal,bhatiya
chandan,singh
sriniwash,sarama
shreeniwas,sharma
kamal,kumar
pankaj,sharma
manoj,kumar
sunil,kumar
atul,dixit
sita,ram
jatin,kumar
parmod,kumar
anil,kumar
anil,kumar
gopal,singh
ganesh,singh
jai,prakash
keshav,bhati
bhrat,singh
sunil,kumar
indresh,kumar
sunny,mann
sabbab,hussain
rajesh,kumar
dhani,ram
rupan,singh
ram,narain
manoj,kumar
sarwan,kumar
sameem,ahmed
banwari,lal
pappu,kumar
shubham,mangvar
manoj,sharma
chet,ram
shyam,singh
shaikh,ajamat
manish,kumar
pera,chandra
ravi,soni
manit,kumar
lallu,yadav
ashish,dixit
tushar,singh
neeraj,kalra
busness,gupta
sorabh,aggarwal
ram,kishan
veer,singh
vijay,bahadur
satish,kumar
bhagwana,ram
pardeep,kumar
inder,pal
gantantra,mittal
jishan,rehman
md,kamruddin
sunil,dutt
rahul,jain
anjan,jha
jagdamba,prashad
shivraj,sain
anand,kumar
sube,singh
viraj,rana
karan,chauhan
manak,lal
kmles,kumar
sudesh,kumar
vijay,shing
master,hansraj
mohamad,umar
ram,gopal
jasveer,singh
praveen,bharti
mangi,lal
subhash,lal
akaash,singh
abhay,pratap
gajendra,mehta
ahsan,khan
aman,kumar
satish,sindhi
arvind,kumar
ramesh,chand
sushant,gupta
salman,khan
sahadeb,bhuniya
rajender,singh
sahkir,kahan
rajesh,aggarwal
amit,kumar
roshan,singh
md,shahid
lakshmi,shah
suraj,sharma
ranjay,pandit
laxmi,shah
sandeep,gupta
pradeep,yadav
nanak,chand
prakash,chand
jitender,kumar
veepal,singh
ashok,kumar
tuka,ram
asarfi,lal
narender,kumar
manoj,patra
vishva,nath
pawan,kumar
bharat,goel
chaman,prakash
rupinder,singh
mithlesh,yadav
prem,kumar
chetram,gurjar
praveen,kumar
subham,sahu
rajeev,kumar
vithal,lal
mukesh,panjara
dulal,haldhar
suresh,kumar
ankesh,tiwari
ajay,kumar
deepak,jha
bal,kishan
aasha,ray
chabi,lal
ramchandra,od
dinesh,pal
syham,singh
shahid,kha
vinod,kumar
jagan,nath
itwari,lal
sumit,yadav
geernish,kumar
ankur,sharma
anil,kumar
sanjay,bharti
ajit,kapoor
prem,kuwar
pradeep,mehta
mohd.,avaz
suresh,kumar
parbhu,sahni
bhajandeep,singh
tejpal,agarwal
ranjan,kumar
ramesh,kuamar
md,aarif
kishan,kumar
himanshu,sahu
anil,sharma
omprakash,chamoli
mohd,danish
arun,sangwan
lalit,sharma
chandra,parkash
rajeev,sharma
naval,jha
padam,singh
satish,kumar
virender,jain
madan,lal
dhurav,goyel
nanu,ram
dal,chand
ajeet,kumar
gya,parsad
suresh,chand
jai,shanker
kapil,kumar
gaffar,ali
rajender,singh
gopal,dhakad
gopal,dhakad
vinod,kumar
mohd,firoz
santosh,kumar
kailash,kumar
amit,kumar
sanjay,patwa
md.,nadaim
nitesh,shyam
pradeep,lakhera
man,singh
mr.,pritesh
ravi,shrivastav
salman,ahmad
roshan,kumar
tarun,ragav
rajesh,james
dinkar,sharma
mukesh,gujjar
preetam,kumar
ram,prashad
sonu,kumar
surjeet,singh
mohamad,faruk
bhadur,ram
parvesh,kumar
pradeep,kumar
sanjeev,kumar
jani,khan
uday,veer
ram,nichatar
rajan,verma
suresh,talwar
narender,singh
suresh,kumar
anil,kumar
mohd,yasin
puskar,singh
sachi,chauhan
mohd,danish
ravinder,singh
atul,verma
pintu,kumar
shabi,rza
inderjeet,singh
jon,vergis
rajat,maheshwari
sushil,kumar
inderpaal,singh
bharat,singh
ram,avatar
rakesh,kumar
manak,paramik
mahbub,ali
dinesh,kumar
kuldeep,singh
om,parkash
gulshan,sehrawat
naved,noor
pradeep,kumar
amit,kumar
rahul,tiwari
digamber,yadav
rakesh,kapoor
nawal,kishore
rakesh,sharma
sanjay,kumar
kaptan,singh
vajid,ali
babu,lal
gladwin,massey
mahender,pal
mohd,azam
jitender,kumar
rohit,yadav
ram,baran
vijay,kumar
manish,taygi
devki,nandan
bhupendra,singh
bhupendra,singh
manohar,singh
parmod,kamat
nand,kishore
jitender,sharma
rghuraj,singh
bhoop,singh
kanhaiya,sharma
avinash,chand
sanjay,gulati
jagir,singh
gaurav,sharma
surender,mukhiya
mahaveer,gurjar
sorab,siaq
satnarayan,meena
rajesh,kumar
shahib,kumar
nitin,verma
gaurav,rawat
pintu,tarfdar
raghubir,singh
jay,bhagwan
sunil,kumar
vipin,kumar
guru,lal
raj,kumar
kamaljeet,singh
rahul,shrivastav
nitin,chahal
maksud,ahmed
azad,singh
shri,chand
sunil,kumar
radhey,shyam
mahendra,singh
tassadul,omar
mudbir,khan
naveen,bansal
yashpal,aanand
aslam,baks
ashok,jarwal
mohan,singh
chandeshwar,prasad
vikram,mandal
parlad,pilly
phool,chand
gurudut,sharma
chet,ram
mohd,farman
govind,singh
rohan,kapoor
manoj,kumar
name,singh
atul,sharma
mohd,anwar
bhavesh,penuli
sachin,kumar
chtarpal,singh
chtarpal,singh
balbir,singh
bharat,bhushan
kuldeep,singh
goopi,ram
ajay,saday
satrohan,saday
surendra,kumar
dharam,singh
krishna,pandey
mukhtyar,singh
atul,sharma
mohit,singh
pramod,gupta
bhim,singh
abdul,samrad
tara,parshad
abdul,kadir
mukesh,kumar
aditya,prasad
ram,kumar
mohan,kumar
parvej,ahmed
rajesh,kumat
anil,yadav
harish,chand
ashok,jain
sona,lal
om,pal
arun,kumar
vinod,kumar
rajat,tyagi
shashikant,mishra
ram,kishor
subhash,chand
abhishek,singh
ashok,sharma
ramsagar,maheto
dinesh,katara
ankush,sharma
arun,kumar
sagar,pandey
sagar,pandey
bablu,mishra
neeraj,gupta
shiv,kumar
kuldeep,singh
barj,bhusan
aakash,dabral
shetan,gurjar
durga,lal
pritam,singh
vikash,gaud
ram,chander
vikram,arora
ram,babu
dharmender,kumar
mohit,mathur
abhishiek,swami
krishan,parkash
anil,kumar
sanjay,kumar
nafe,singh
musibat,aki
brijmohan,aggarwal
partap,singh
vijay,kumar
mannu,jain
subhash,chand
piyush,mehto
sumit,parkash
mubarik,ali
rameshwer,nagar
sandeep,kumar
deepak,kumar
akshay,kumar
kishan,lal
sunil,gupta
vikas,goswami
vikas,goswami
bodu,ram
ram,kishan
krishan,kumar
dinesh,sharma
girraj,nath
kimat,singh
ankit,rawat
veer,singh
bhupendra,singh
amarjeet,mal
meghu,kumar
rajender,singh
hemant,kumar
ajay,bhardwaj
krishan,kumar
pankaj,yadav
puran,mal
sundar,pal
dakshya,sharma
jagdish,juneja
anil,saxsena
laltha,prashad
deepak,mittal
zile,singh
faizal,khan
preyojit,nath
mohan,sada
anand,singh
vinay,yadav
sahab,singh
rakesh,kumar
ashok,kumar
kuldeep,gaur
mohd,salman
rambir,singh
prem,kishore
manoj,kumar
rajesh,kumar
gufraan,khan
p,ramkumar
sher,mohmd
jaga,singh
indraj,singh
laxman,singh
rajdev,bind
harish,saharan
suraj,rathi
ruchendra,rana
girish,kumar
ashish,gupta
narender,singh
dharmendra,kumar
sushil,kumar
shanshak,sharma
montu,verma
mangal,chand
mohan,lal
gopal,ram
sanjay,chauhan
prem,chand
dharmender,kumar
anil,bhatt
kumar,pal
narayan,dass
lokender,singh
pareen,bhardwajd
rajeev,kumar
pyar,mohmad
sehdev,mukhiya
rony,rao
bholaram,yadav
chandra,pal
ajeet,chaudhary
sanjay,bansal
krishan,kumar
vinay,kumar
swati,sharma
kishor,yadav
nanak,chandu
ashok,kumar
gourav,jain
jagmohan,gupta
omprakash,pandit
sushil,gupta
ramchander,nuriya
rahul,verma
neeraj,shokeen
saroj,patel
mehak,singh
hari,singh
ved,prakash
chatter,singh
karan,singh
mohd.,arif
durgesh,kumar
mohd,nazeer
sanjay,singh
jagjeet,singh
avinas,mourya
lakshman,singh
mahaveer,jain
prdeep,soni
shyam,sunder
ankala,praveen
lal,mohammed
rsjesh,sharama
arun,kumar
abdul,kalam
muqhtar,muslim
ramesh,kumar
prem,singh
tej,prakash
manohar,kumar
mohit,nautiyal
dinesh,kumar
kusumakar,mishra
anjum,chowdhary
rajiv,kumar
asgar,ali
ashok,kumar
sachin,kumar
afsar,khan
harinarayan,paliwal
raju,jogi
kashmir,singh
adityalok,singh
raj,pal
vinod,kumar
amit,kumar
kamal,kishor
alok,kumar
faujdar,sharma
anil,kumar
ram,kishan
raju,kumar
manu,bhai
ram,avtar
nihal,singh
rohit,gupta
brijnandan,mehato
ashlam,miya
bhagat,ram
raghubir,singh
karan,gupta
shkil,khan
deepak,sharma
gandharv,mishra
satish,chand
sarvesh,kumar
ravi,kumar
laxman,prasad
data,ram
surender,singh
ajay,kumar
jhagdu,rzak
raju,dass
mohit,yadav
anuj,patni
jit,bahadur
deepak,kumar
sunil,kumar
kalu@,sanjya
jitu,singh
rakesh,kumar
piyush,kalra
vipan,kumar
rajender,goyal
shree,chand
manoj,kumar
neeraj,kumar
zameer,ahmed
shri,parkesh
rakesh,yadav
rajesh,kumar
rajendra,kumar
hanuman,das
mukesh,ram
mandeep,kumar
vikram,goswami
sandeep,dhaka
amit,kumar
pankaj,sehgal
md.,aaqif
irphan,safi
suresh,kumar
malkiat,singh
prateek,bhaskar
mahender,singh
mandan,lal
chaman,parkash
sabana,khatoon
manish,kumar
nitesh,kumar
pari,mohmad
jitesh,agarwal
sanjay,kumar
sitar,singh
pooran,chand
tarun,kumar
rajesh,kalia
prashant,yadav
anil,balai
sunil,kumar
vipul,agrawal
ajay,chand
sanjeev,kumar
bunti,kumar
pawan,kumar
sanjay,sharma
tejpal,singh
sahil,khandelwal
hem,raj
nitesh,kumar
vijay,singh
ravi,kumar
mahender,singh
kokil,berman
pradeep,kumar
ram,ratan
hari,mohan
arun,kumardhasmana
suresh,sanwal
kishor,matta
deepak,kumar
rohit,agrawal
chetan,verma
chandrashekhar,saini
vinod,ahuja
durga,prasad
yogender,jha
kundan,singh
shish,ram
pankaj,malik
jay,noor
chintu,lal
pravendra,singhal
afzal,ali
darshan,lal
sadre,alam
mo.,farman
narayan,ram
tufail,ahamd
mohd.,hanif
suresh,kumar
shri,pal
jagpati,jha
shah,ali
sandeep,pawar
natthu,ram
vasim,khan
atu,verma
rishabh,jain
raveena,khaton
simran,malhotra
sajjan,kumar
uda,ram
ashutosh,kumar
mohd,samim
sanjeev,kumar
jile,singh
ankur,sharma
jagtar,singh
sadhu,yadav
akram,khan
lalit,saini
om,parkash
tilak,raj
jaskaran,singh
har,bilas
krishna,nand
sandeep,singh
ravi,kumar
manish,kumar
roop,chand
aasish,sharma
sabir,ali
puran,regar
bharat,bhushan
bidur,mahat
himanshu,sharma
rajender,singh
hawa,singh
harendra,singh
anil,kumar
jai,bhagwan
abbal,singh
mohd,sahil
karan,sabharwal
rajam,singh
yaswani,panday
naresh,kumar
bhud,ram
jai,sharma
bhanwar,singh
gurpreet,singh
ashok,kumar
mohamad,faisal
suresh,chandra
rajesh,kumar
mula,ram
neeraj,yadav
sanjay,singh
tilak,raj
ashok,kumar
subash,bim
pawan,dixit
praveen,kumar
suraj,tiwari
gora,singh
manoj,kumar
aajad,singh
sumit,kumar
naresh,kumar
lala,ram
subhash,chand
deepak,midha
shyam,lukka
prakash,prajapt
ashish,malodia
mehboob,mehandi
jakh,bahadur
chand,ram
pardeep,singh
mohar,singh
phool,chand
tahir,hussain
subhash,nimbolkar
munnem,meena
suraj,kumar
ajay,kumar
pramod,kumar
md.,mujmmil
prakash,meena
gorv,sharma
rahul,vijay
lavish,kumar
md,sakil
sanjeev,kumar
daya,nand
kishn,lal
poonam,chand
ct,sandeep
asha,nand
ankur,sharma
raj,kumar
rafal,singh
aas,mohammad
hardas,singh
shambhu,gupta
rajo,dalal
mahinder,yadav
a.,suresh
rajnesh,kumar
veeri,singh
ravi,gupta
suraj,bahadur
ed,mohmad
raju,yadav
md,rahul
pardeep,saini
jitendra,yadav
mod-,akram
dharam,singh
sanjay,chug
praveen,kumar
gyanu,kumar
vicky,kumar
naresh,kumar
viriya,kher
madan,lal
anandu,krishan
mohd,aslam
saddam,khan
rohit,thapa
ankit,khatri
punit,yadav
shashikant,brahaman
gamer,das
ravi,tiwari
meenu,kumar
araslan,yusuf
uday,lal
upender,choudhry
dhan,chandar
narendra,kumar
kush,gupta
mohammad,jaan
gulshan,bhola
kuldeep,kasyp
mohd,javedh
santosh,kumar
mandeep,singh
ashok,kumar
mukesh,verma
sanjay,singh
suresh,kumar
mahesh,kumar
sunil,kumar
chandan,yadav
sagar,shekh
zaheer,ahmad
vinod,arora
kamal,meen
pawan,kumar
satyanarayan,lohar
nand,kishor
omprakash,sharma
sarvjeet,singh
shivraj,singh
ankit,verma
ashok,kumar
baldev,singh
vipun,kocher
gonsan,topno
umar,daraj
swedesh,mahaldar
rajesh,god
shukveer,singh
rajendra,kumar
kishan,lal
mohd,kamaal
birender,pal
ravi,kumar
chhitar,lal
chhantu,dass
nimahe,mandal
sunder,lal
mohan,adiwasi
ajab,singh
vedprakash,sharma
nitish,kumar
sarad,chaubay
madan,mohan
kaloo,giri
inayat,hussen
mukesh,banjara
ravinder,singh
shiv,pal
rahul,kumar
garupal,singh
rohit,kumar
aayush,kashyap
arun,kumar
sahib,saran
gopal,sharma
neeraj,kumar
shishram,yadav
shish,ram
rohtash,saini
kirshan,pal
jai,chand
deepak,bhatt
om,parkash
afsar,alam
pintu,kumar
barkat,ali
samay,singh
mohd,sohaib
taj,mohd
raju,ghosh
klash,kumar
manoj,kumar
bherav,dutt
ayub,ali
ajit,singh
faran,singh
sonu,kumar
asagar,khan
shyam,lal
yogesh,sharma
manmohan,khurana
mohd,rafiq
arpit,avasthi
manpreet,singh
mahender,sharma
rajbir,singh
lokindra,singh
kuldeep,singh
vikas,thakur
arvind,kumar
daya,nand
neeraj,kumar
shiv,kumar
subhash,kumar
nitin,jain
jai,parkash
birbal,ram
ashok,kumar
manoj,kumar
ramesh,tiwari
shyam,sunder
ankur,kumar
josin,jomon
rakesh,kumar
ashok,rai
saurabh,kumar
arhiyant,jain
suman,lal
vansh,goel
mohd.,ali
sharda,rao
puran,chand
mho,javed
umesh,chand
abdul,hafiz
tool,bahadur
anurag,tiwari
rahul,sharma
ajit,kumar
rohitash,keer
gulab,gameti
brij,mohan
imam,baksh
devashish,sahu
vishal,srivastav
bansi,lal
rama,nand
mohamad,sahajeet
lalit,kumar
deepak,tak
abdul,aziz
md,javed
deepa,ram
ashok,meena
jagdish,kaliya
parmod,kumar
nand,lal
deewan,singh
pankaj,gupta
zamile,amhed
subham,madhwal
parveen,sha
ratan,singh
kishan,lal
vivek,sharma
dhan,singh
bir,singh
deepan,dev
rahu,kumar
meera,devi
munna,ram
dana,ram
lokesh,deswal
akshay,pahwa
manowar,hussain
shyan,bahadur
kaushal,kumar
vinod,kumar
rohan,mandl
salman,khan
liyakat,ansari
sumit,kumar
prem,chand
narendra,nagda
nadeem,kha
mohammad,humayoun
narender,singh
nasar,ali
shan,mohd
keval,thakur
jairam,singh
pooja,chaudhry
vishnu,parshad
aluddin,hushen
masheen,yadav
girjesh,kumar
narender,singh
narender,singh
amrik,singh
vishal,kumar
nayan,saikh
sunil,kumar
pradeep,kumar
himansu,garg
baban,mishra
nakched,parsad
riyasat,ali
ashok,kumar
amrik,singh
sachin,raghav
saranjeet,singh
emilia,toppo
bhramanand,kumar
mahendra,kumar
akhil,ravindran
akshat,baliyan
ankit,negi
mahnatha,sahni
prem,kumar
ram,naresh
rohit,gill
rajit,kumar
ayush,pathak
pankaj,taren
ram,narain
roop,chand
shambhu,munda
dinesh,gupta
virendra,singh
ishwar,singh
anil,kumar
mohd.,nafees
ganpati,korada
fateh,singh
prince,kumar
chhanoyar,shekh
laxman,dass
vikesh,kumar
sanoj,kumar
bhagwan,singh
bishesh,kumar
mangi,lal
mangal,singh
prem,pal
kuldeep,kumar
anil,kumar
kishan,lal
ravi,tripathi
sujit,kumar
kumari,preeti
lilu,ram
govind,rao
ram,ratan
mho,aamir
sujata,yadav
jagdish,ram
raja,ram
ramesh,meena
sanjay,gupta
sanjay,gupta
tushar,vats
gopal,singh
mehtab,alam
manish,jain
jai,kumar
mukish,kumar
sanjeev,saad
rajesh,kumar
amrish,dixit
nanak,prasad
bhura,ram
gajender,singh
rahul,bhiram
ashish,kumar
karan,trehan
niyaaz,khan
ajay,tomar
md,afjal
harpal,singh
ramkaran,gujar
dinesh,kumar
pintu,kumar
lalit,kumar
ali,mohamad
ramesh,chander
sukhveer,singh
ashwani,kumar
suneel,kumar
bheem,singh
ajay,bairagi
punit,sharma
suraj,malhotra
chand,miya
nanka,bhil
ram,niwas
rakshit,singh
satish,kumar
dinesh,kartik
darshan,lal
om,parkash
surya,narayan
hardam,kumar
mukhtar,khan
gulshan,grover
ajay,kumar
vishal,lamba
mo.,safik
munish,singhla
avinash,jha
shubham,dandriyal
saahil,nautiyal
mohd.,kaish
surender,kumar
braj,mohan
pawan,saini
rajider,singh
akram,ali
jiya,rahman
mohd.,rizwan
naryan,chamaar
mohan,lal
manoj,jha
amir,khan
shiv,sagar
deerendra,singh
rajesh,kumawat
amar,nath
vinod,kumar
sandeep,sahu
rma,kant
chura,mukhiya
amit,pal
chunni,lal
subash,rai
noor,ahmed
krishan,pal
ram,kishan
pramod,choudhary
rakesh,kumar
smt,lalita
bhupesh,kumar
shekhar,chand
lokesh,manchanda
hari,shankar
ravindra,jindwal
sajid,hussen
haliya,charpota
pawan,meghwal
anoop,roy
chaman,gupta
ved,pal
ankit,gupta
rahul,singh
nabi,hussain
prakash,regni
ram,kuamr
nanak,chand
mathura,singh
naresh,kumar
sandeep,sharma
sandeep,sharma
karan,gulyani
naman,kaushik
kishan,singh
nisar,ahamad
abhijeet,adhikari
mukesh,kumar
aman,bhatt
mayank,pandey
sachin,tomar
javed,siafi
devender,chodhary
hari,uraown
satpal,kaura
sanjay,sharma
asgar,kamal
vijay,tyagi
vijay,kumar
mukesh,kumar
chander,bhan
mukesh,chauhan
raj,kumar
goldi,chopra
khursid,alam
sohal,pal
ajay,sadana
jitendra,kumar
santosh,kumar
vijay,aggarwal
ashok,kumar
saleem,ansari
rajesh,kumar
sumit,kumar
ranjeet,kumar
prabhakar,pandey
shri,kumar
om,prakash
mohd.,kasim
rajiv,shah
sube,singh
manish,kumar
mohammad,shahid
mohammad,shahid
isharar,ahmed
anil,kumar
shashank,sharma
sajjan,kumar
mishri,lal
ganga,ram
pradeep,singh
gulshan,singh
ashok,kumar
lakki,prajapti
satish,kumar
gaurav,gupta
subhash,sharma
satendra,kumar
rajeev,kumar
suresh,kumar
anamol,modi
randhir,kumar
amit,kumar
kishor,saini
tarun,upadhyay
mustafa,mandal
shil,kherval
parkash,agarwal
rajkumar,sharjma
manish,gautam
hitender,kumar
varun,kumar
viresh,kumar
chunni,lal
suresh,singh
mohd.,arjoo
anil,kumar
shi,girdhari
sumit,chhouhan
nikhil,kumar
suresh,kumar
dalpat,singh
bunda,ram
shjad,ali
anil,nimesh
mukesh,kumar
rajesh,rawat
vikash,kumar
nagender,singh
babu,lal
manoj,kumar
nishant,tyagi
prittam,dass
anand,msingh
satender,kumar
poma,ram
pankaj,kumar
husain,mohommad
rakesh,kumar
sandip,kumar
budhi,singh
ashok,kumar
chhabil,singh
susan,subva
md.,alikhan
mohd.,sakil
babudden,kuresi
sunil,kumar
vicky,sharma
narender,singh
suwa,lal
bhagwati,prasad
lal,singh
govind,singh
sumit,bainsla
ram,govind
sandeep,kasera
bheem,pal
maqsood,alam
ramesh,panwanr
khushi,mho
jodhi,kumar
manuvar,hussain
gen,bahadur
nitin,kumar
shami,khurana
panchuram,meena
rajesh,kumar
nikhil,saini
amit,tandan
vinod,sehgal
dara,singh
girwer,singh
prasant,kumar
dharmender,kumar
rameh,chand
mahesh,sharma
asutosh,sharma
banwari,lal
parem,varma
md.,waseem
sushil,sharma
narayan,lal
rajesh,kumar
jafar,ali
ashu,singh
gulfam,saifi
prayatan,prabhas
gopal,lal
naveen,lal
mukesh,kumar
manoj,kumar
maan,singh
jasbir,singh
gopal,kishan
shiv,prasad
vijay,lal
devesh,sharma
ramu@,ramchandar
mukesh,kumar
yogendra,thakur
ajay,kumar
jitender,yadav
said,ahmed
mo,vahid
ashok,agrrwal
jai,kishan
vinod,kumar
sh,lalchand
suraj,pal
prabhash,yadav
ramesh,kumar
lalit,kumar
vinod,kumar
laxman,kumar
sonu,roy
rahul,singh
jai,gopal
basant,ram
mohd,iqbal
pradeep,kumar
ravi,singh
rajender,singh
vinay,kumar
raju,kashyap
md.,saran
dinesh,kumar
aman,deep
chotum,karmokar
naveen,kumar
tapender,upadyay
perveen,kumar
rakesh,kumar
rahul,kumar
ravi,kumar
tejender,singh
ashu,rehman
pawan,kumar
arajun,singh
junna,khan
maman,singh
ram,ratan
dhurv,solanky
jitender,tiwari
prannab,dey
suresh,kumar
parveen,kumar
vishal,sarin
nagendra,parihar
vishal,sarin
narayan,sharma
deepa,ram
mho.,zuber
aash,mohoomad
md,chand
mukat,singh
arjun,ram
santosh,kuamr
chander,shekhar
ashok,sharma
shree,ram
mukesh,kumar
ashok,kumar
lakhu,parsad
sourab,verma
jairam,singh
ashish,rout
sanjay,ram
sachin,kumar
praveen,kumar
sanjeev,dass
manoj,kumar
rajender,singh
sumit,risidev
mohd.,aklim
pradep,kumar
jeet,ram
sharukh,khan
bhemji,patidar
rajat,garg
bishana,ram
rajesh,gupta
sanjeev,shekhar
modh,danish
ramulu,bumulu
mohit,kumar
ishwar,singh
sanjiv,kumar
chertamani,dubey
veer,bahadur
hifjul,kha
peer,mohmmad
ashok,kumar
ranjan,singh
mohd,ashim
subham,negi
guddu,paswan
jagdish,lal
nitish,negi
tepu,mohd
raj,kamal
gaurav,gupta
uma,ram
not,known
chirag,batta
sumit,sah
bawan,yadav
jagdish,singh
jyoti,prasad
jatin,pal
rajeev,kumar
manish,saini
arpit,aroda
chote,khan
manoj,kumar
anil,kumar
amir,hasan
ashok,kumar
saurabh,pande
rohit,agarwal
laxmi,narayan
akhlish,kumar
vimal,nepali
joginder,singh
nathani,mandal
kamlesh,kumar
mahtab,ali
vinod,kumar
asha,ram
mohd,imran
mithun,malakar
ashwani,kumar
mohd.,riyaz
viram,singh
aasha,mehta
gufran,khan
aatif,ali
chandra,bhan
rahul,kumar
mukesh,kumar
deepak,kumar
binja,ram
babu,lal
shan,mohamad
gorav,kumar
ram,gopal
anil,sen
shri,manoj
sandeep,kumar
manoj,mahto
mohd,kaif
gurbax,singh
ashok,kumar
manoj,gupta
amit,kumar
karmveer,singh
vikram,panwar
madhu,ram
arjun,singh
rahul,drall
bhupender,kumar
vishwjeet,devnath
om,prakash
amit,kumar
ashok,kumar
arif,niyaz
amit,kumar
amit,kumar
amit,kumar
amit,rana
gurupreet,singh
shiv,singh
chiddu,ram
anoj,kumar
swadhin,beswal
vijesh,sahu
sohan,lal
sanjeev,rai
pawan,kumar
anooj,patava
raj,kumar
deepak,kumar
radhey,shyam
mohd,rizwan
sanjay,gomes
jitu@jitendra,rajpoot
ranpal,singh
anuj,kumar
ramji,lal
ritesh,agrwal
anand,kumar
rahish,kha
deepak,kumar
prem,kumar
shyam,kumar
amit,paande
bhagvati,parsad
dinesh,yadav
dinesh,kumar
vipin,kumar
tak,chand
kalu,bhatiya
mangal,singh
ajad,rawal
akhilesh,gupta
umesh,yadav
pradeep,kumar
mohd,ujjam
ravi,kumar
rakesh,yadav
tejpal,singh
mahender,singh
rajesh,ram
sunil,kumar
lakhan,bajadur
lekose,joseph
makrud,alam
bittoo,sahani
anwar,ali
penzin,kunga
mukesh,gupta
seeta,ram
gorav,kumar
mohsin,khan
dhram,sigh
pawan,kumar
pankaj,kumar
om,prakash
ganesh,kainee
dev,kumar
sanchit,gupta
vinod,verma
rahul,kaushik
mantu,gupta
puran,singh
ajay,kumar
raj,kumar
bundel,sahni
partap,singh
sunil,janu
chand,miyan
manoj,kumar
bhagwan,singh
dinesh,kumar
rajesh,kumar
karan,singh
baga,sathyanarayana
md,alamin
shaturughyan,chaudhary
subham,krishna
virender,kumar
roshan,lal
jagdish,chand
viplo,sardar
kadir,ali
vishvnath,sarkar
vishal,singh
ram,dhar
sunil,kumar
chanderbal,tyagi
aman,junuja
faizan,khan
amba,lal
roshan,kumar
surendra,kumar
sanjay,kumar
nimesh,narwani
mohd,khalid
monu,bansal
gurmeet,singh
bhupender,singh
vasuki,thakur
danveer,singh
subham,jain
mahud,ansari
santosh,mahto
arjun,singh
brijesh,kumar
ashok,kumar
sunil,kumar
fiyaz,ansari
ram,ashray
ram,niwas
rajvi,kumar
nand,kishor
prabhakar,bisi
aamosh,jacab
mithlesh,kumar
bhoop,singh
deepchand,balai
vikarm,singh
sudhir,singh
ram,chander
mukesh,kumar
balbir,singh
roshan,lal
vinod,kaushik
rahul,kumar
lalit,kumar
vikram,kumar
bhagwan,singh
lakshaya,sharma
hemant,kumar
kulwant,singh
shivam,mishra
shakil,ahmad
mohd.,marukh
shubham,giri
puran,rai
ram,kishore
mahendra,yadav
rajesh,saini
hakam,singh
sunil,kumar
satpal,morya
sanjay,kumar
ajay,kumar
surender,singh
pappu,kumar
mhd.,firoz
devender,jain
muskan,varma
rajeev,sirohi
sanjeet,kumar
ravi,dutt
manish,kumar
dharvesh,kumar
divaie,chand
vijay,kumar
sintu,vishwash
surender,singh
sahdev,tiwari
manoj,kumar
mohd,hasnain
harjeet,singh
vijay,kumar
tek,chand
chand,kumar
akshay,kumar
gagan,kumar
khairti,lal
kunal,kumar
devender,puri
ramesh,lal
sanjay,kumar
mohd.,aslam
bharat,damor
amar,singh
sanjay,mehta
kishan,agrawal
ravi,kumar
anil,kumar
rakesh,sonkar
ravi,sinha
bhuri,singh
karan,singh
bhagvaan,singh
manish,bansal
chander,bhan
surender,singh
vikram,bahadur
kapil,dutt
vinay,kumar
surendra,singh
bharat,singh
vishal,ahemad
sunder,jha
bhupender,singh
pradeep,kumar
ajeet,singj
rajesh,kumar
ashok,shrivastav
jarnail,singh
vinod,kumar
raj,kumar
sanjya,chhetri
raj,kishor
